time,query,answer,AnswerImageUrl,intent,ner_tag,timepoint,day,detailloc
0:8:14,참빛 내일 점심,참빛관 수요일 점심 흑미밥 돈육순두부찌개 생선까스&타르타르드레싱 해초무치 간장마늘종지무침 김치 (누들식) 로제스파게티 고구마파이 오이피클 김치,,교내학식,참빛관,점심,수요일,문장에서 인식하지 못했어요
0:8:56,공지사항,https://www.jbnu.ac.kr/kor/?menuID=139,,교내 공지,문장에서 인식하지 못했어요,문장에서 인식하지 못했어요,문장에서 인식하지 못했어요,문장에서 인식하지 못했어요
0:59:47,오늘메뉴,이해하기가 힘들어요..(°ヘ°) 혹시 학식을 찾고계신가요? 조금 더 자세히 입력해주세요...,,교내학식,인식하지못함,아침,화요일,인식하지못함
1:33:9,참빛 밥,참빛관 화요일 아침 쌀밥 시금치된장국 어묵전 맛살감자채볶음 매운콩나물무침 김치 (간편식) 마블쇼콜라 감자볼튀김&케찹 파인애플씨리얼 우유,,교내학식,참빛관,아침,화요일,인식하지못함
1:36:26,참빛저녁,참빛관 화요일 저녁 쌀밥 배추된장국 계란장조림 깐마늘절임 도토리묵&양념장 김치 (일품식) 하이라이스 유부장국 버터갈릭감자튀김 단무지 김치,,교내학식,참빛관,저녁,화요일,인식하지못함
1:36:43,참빛오늘저녁,참빛관 화요일 저녁 쌀밥 배추된장국 계란장조림 깐마늘절임 도토리묵&양념장 김치 (일품식) 하이라이스 유부장국 버터갈릭감자튀김 단무지 김치,,교내학식,참빛관,저녁,화요일,인식하지못함
1:43:47,야씨발련아,한국어 너무 어려워요         말씀 좀 자세히    좀     부탁드립니다       ,,위치,인식하지못함,인식하지못함,인식하지못함,인식하지못함
1:43:53,내일참빛밥,참빛관 수요일 아침 쌀밥 떡국 동그랑땡야채조림 상추무침 무말랭이무침 김치  간편식  모듬야채죽 동그랑땡야채조림 무말랭이무침 김치 두유,,교내학식,참빛관,아침,수요일,인식하지못함
1:50:37,내일 참빛밥,참빛관 수요일 아침 쌀밥 떡국 동그랑땡야채조림 상추무침 무말랭이무침 김치  간편식  모듬야채죽 동그랑땡야채조림 무말랭이무침 김치 두유,,교내학식,참빛관,아침,수요일,인식하지못함
1:52:53,씨발련아  ,이해하기가 힘들어요        조금만 더 쉽게 말해주세요      ,,위치,인식하지못함,인식하지못함,인식하지못함,인식하지못함
1:54:27,씨발련이  ,         무슨 말인지 잘 모르겠어요  조금 더 자세히 입력해주세요        ,,위치,인식하지못함,인식하지못함,인식하지못함,인식하지못함
1:57:26,씨발련이  ,너무 어려워요                 더 자세히 말씀해주실 수 있나요              ,,위치,인식하지못함,인식하지못함,인식하지못함,인식하지못함
1:57:50,무야호,                                      ,,교내 공지,인식하지못함,인식하지못함,인식하지못함,인식하지못함
1:57:59,무 야 호우,                                      ,,교내 공지,인식하지못함,인식하지못함,인식하지못함,인식하지못함
1:58:4,야호,조금 더 자세히 말씀해 주실래요      ,,교내 공지,인식하지못함,인식하지못함,인식하지못함,인식하지못함
1:58:10,무야호우호우,                                      ,,교내 공지,인식하지못함,인식하지못함,인식하지못함,인식하지못함
1:58:14,야,조금 더 자세히 말씀해 주실래요      ,,교내 공지,인식하지못함,인식하지못함,인식하지못함,인식하지못함
1:58:16,뭐,조금 더 길게 말씀해 주실래요          ,,교내 공지,인식하지못함,인식하지못함,인식하지못함,인식하지못함
1:58:19,싫어임마,이해하기가 힘들어요        조금 더 자세히 입력해주세요        ,,교내 공지,인식하지못함,인식하지못함,인식하지못함,인식하지못함
1:58:30,배고프다,이해하기가 힘들어요        혹시 학식을 찾고계신가요  조금 더 자세히 입력해주세요   ,,교내학식,인식하지못함,아침,화요일,인식하지못함
2:4:44,배고프다,이해하기가 힘들어요        혹시 학식을 찾고계신가요  조금 더 자세히 입력해주세요   ,,교내학식,인식하지못함,아침,화요일,인식하지못함
2:4:45,무야호,https   www jbnu ac kr kor  menuID 139,,교내 공지,인식하지못함,인식하지못함,인식하지못함,인식하지못함
2:5:40,식당운영시간,이해하기가 힘들어요        조금 더 자세히 입력해주세요        ,,교내 공지,인식하지못함,인식하지못함,인식하지못함,인식하지못함
2:5:51,참빛 운영시간,조식 07 30 9 00  중식 12 00 13 30  석식 17 30 19 00,,교내식당 운영시간,생활관 참빛관 운영시간,인식하지못함,인식하지못함,인식하지못함
2:5:57,후생관 운영시간,상시판매 11 00 13 30,,교내식당 운영시간,후생관 운영시간,인식하지못함,인식하지못함,인식하지못함
2:13:27,배가고프당께,한국어 너무 어려워요         조금 더 자세히 입력해주세요        ,,위치,인식하지못함,인식하지못함,인식하지못함,인식하지못함
2:24:6,총학인스타,https   www instagram com jbnu ch ,,sns안내,총학생회,인식하지못함,인식하지못함,인식하지못함
2:28:2,전북대 인스타,https   www instagram com jbnu1947 ,,sns안내,전북대학교,인식하지못함,인식하지못함,인식하지못함
2:32:10,인스타,너무 어려워요                 조금만 더 쉽게 말해주세요      ,,sns안내,인식하지못함,인식하지못함,인식하지못함,인식하지못함
12:25:20,교내공지,2023학년도 1학기 일반대학원 전과 희망자 지원 신청 안내 https   www jbnu ac kr kor  menuID 139 mode view no 51719 제3 4차 JBNU 개발협력 세미나 시리즈  인디코드 청중 신청 안내 보건의료 디지털전환  https   www jbnu ac kr kor  menuID 139 mode view no 51718 2023학년도 1학기 일반대학원 재입학 시행 공고 https   www jbnu ac kr kor  menuID 139 mode view no 51717 2022년 취업성공수기 공모전 참여 안내 졸업예정자 대상  https   www jbnu ac kr kor  menuID 139 mode view no 51716 12월 전대 문화위크   Merry christmas with 로운 https   www jbnu ac kr kor  menuID 139 mode view no 51715  해외어학연수  2022동계방학 및 2023 1학기 해외어학연수 파견학생 추가 선발 안내 https   www jbnu ac kr kor  menuID 139 mode view no 51714 교과목  대학생활과진로설계  대학생활계획서 및 학생지원프로그램 제출기한 연장 안내 12월20일까지  https   www jbnu ac kr kor  menuID 139 mode view no 51713 2023학년도 DB우수인재장학생 동하리9기  모집 안내 https   www jbnu ac kr kor  menuID 139 mode view no 51712  혁교원  2022학년도 독서 인증제 다독상 및 우수 보고서 시상 계획 안내 https   www jbnu ac kr kor  menuID 139 mode view no 51711 ,,교내 공지,인식하지못함,인식하지못함,인식하지못함,인식하지못함
12:25:48,참빛관 오늘 밥,참빛관 화요일 점심 쌀밥 어묵국 모듬장조림 쥐어채볶음 다시마튀각 김치  누들식  오징어짬뽕 감자고로케 케찹 단무지무침 김치,,교내학식,참빛관,점심,화요일,인식하지못함
12:25:59,교내공지,2023학년도 1학기 일반대학원 전과 희망자 지원 신청 안내 https   www jbnu ac kr kor  menuID 139 mode view no 51719 제3 4차 JBNU 개발협력 세미나 시리즈  인디코드 청중 신청 안내 보건의료 디지털전환  https   www jbnu ac kr kor  menuID 139 mode view no 51718 2023학년도 1학기 일반대학원 재입학 시행 공고 https   www jbnu ac kr kor  menuID 139 mode view no 51717 2022년 취업성공수기 공모전 참여 안내 졸업예정자 대상  https   www jbnu ac kr kor  menuID 139 mode view no 51716 12월 전대 문화위크   Merry christmas with 로운 https   www jbnu ac kr kor  menuID 139 mode view no 51715  해외어학연수  2022동계방학 및 2023 1학기 해외어학연수 파견학생 추가 선발 안내 https   www jbnu ac kr kor  menuID 139 mode view no 51714 교과목  대학생활과진로설계  대학생활계획서 및 학생지원프로그램 제출기한 연장 안내 12월20일까지  https   www jbnu ac kr kor  menuID 139 mode view no 51713 2023학년도 DB우수인재장학생 동하리9기  모집 안내 https   www jbnu ac kr kor  menuID 139 mode view no 51712  혁교원  2022학년도 독서 인증제 다독상 및 우수 보고서 시상 계획 안내 https   www jbnu ac kr kor  menuID 139 mode view no 51711 ,,교내 공지,인식하지못함,인식하지못함,인식하지못함,인식하지못함
12:26:33,교내공지,2023학년도 1학기 일반대학원 전과 희망자 지원 신청 안내 https   www jbnu ac kr kor  menuID 139 mode view no 51719 제3 4차 JBNU 개발협력 세미나 시리즈  인디코드 청중 신청 안내 보건의료 디지털전환  https   www jbnu ac kr kor  menuID 139 mode view no 51718 2023학년도 1학기 일반대학원 재입학 시행 공고 https   www jbnu ac kr kor  menuID 139 mode view no 51717 2022년 취업성공수기 공모전 참여 안내 졸업예정자 대상  https   www jbnu ac kr kor  menuID 139 mode view no 51716 12월 전대 문화위크   Merry christmas with 로운 https   www jbnu ac kr kor  menuID 139 mode view no 51715  해외어학연수  2022동계방학 및 2023 1학기 해외어학연수 파견학생 추가 선발 안내 https   www jbnu ac kr kor  menuID 139 mode view no 51714 교과목  대학생활과진로설계  대학생활계획서 및 학생지원프로그램 제출기한 연장 안내 12월20일까지  https   www jbnu ac kr kor  menuID 139 mode view no 51713 2023학년도 DB우수인재장학생 동하리9기  모집 안내 https   www jbnu ac kr kor  menuID 139 mode view no 51712  혁교원  2022학년도 독서 인증제 다독상 및 우수 보고서 시상 계획 안내 https   www jbnu ac kr kor  menuID 139 mode view no 51711 ,,교내 공지,인식하지못함,인식하지못함,인식하지못함,인식하지못함
12:26:55,공지 알려줘,2023학년도 1학기 일반대학원 전과 희망자 지원 신청 안내 https   www jbnu ac kr kor  menuID 139 mode view no 51719 제3 4차 JBNU 개발협력 세미나 시리즈  인디코드 청중 신청 안내 보건의료 디지털전환  https   www jbnu ac kr kor  menuID 139 mode view no 51718 2023학년도 1학기 일반대학원 재입학 시행 공고 https   www jbnu ac kr kor  menuID 139 mode view no 51717 2022년 취업성공수기 공모전 참여 안내 졸업예정자 대상  https   www jbnu ac kr kor  menuID 139 mode view no 51716 12월 전대 문화위크   Merry christmas with 로운 https   www jbnu ac kr kor  menuID 139 mode view no 51715  해외어학연수  2022동계방학 및 2023 1학기 해외어학연수 파견학생 추가 선발 안내 https   www jbnu ac kr kor  menuID 139 mode view no 51714 교과목  대학생활과진로설계  대학생활계획서 및 학생지원프로그램 제출기한 연장 안내 12월20일까지  https   www jbnu ac kr kor  menuID 139 mode view no 51713 2023학년도 DB우수인재장학생 동하리9기  모집 안내 https   www jbnu ac kr kor  menuID 139 mode view no 51712  혁교원  2022학년도 독서 인증제 다독상 및 우수 보고서 시상 계획 안내 https   www jbnu ac kr kor  menuID 139 mode view no 51711 ,,교내 공지,인식하지못함,인식하지못함,인식하지못함,인식하지못함
12:28:13,교내공지,2023학년도 1학기 일반대학원 전과 희망자 지원 신청 안내 https   www jbnu ac kr kor  menuID 139 mode view no 51719 제3 4차 JBNU 개발협력 세미나 시리즈  인디코드 청중 신청 안내 보건의료 디지털전환  https   www jbnu ac kr kor  menuID 139 mode view no 51718 2023학년도 1학기 일반대학원 재입학 시행 공고 https   www jbnu ac kr kor  menuID 139 mode view no 51717 2022년 취업성공수기 공모전 참여 안내 졸업예정자 대상  https   www jbnu ac kr kor  menuID 139 mode view no 51716 12월 전대 문화위크   Merry christmas with 로운 https   www jbnu ac kr kor  menuID 139 mode view no 51715  해외어학연수  2022동계방학 및 2023 1학기 해외어학연수 파견학생 추가 선발 안내 https   www jbnu ac kr kor  menuID 139 mode view no 51714 교과목  대학생활과진로설계  대학생활계획서 및 학생지원프로그램 제출기한 연장 안내 12월20일까지  https   www jbnu ac kr kor  menuID 139 mode view no 51713 2023학년도 DB우수인재장학생 동하리9기  모집 안내 https   www jbnu ac kr kor  menuID 139 mode view no 51712  혁교원  2022학년도 독서 인증제 다독상 및 우수 보고서 시상 계획 안내 https   www jbnu ac kr kor  menuID 139 mode view no 51711 ,,교내 공지,인식하지못함,인식하지못함,인식하지못함,인식하지못함
12:30:45,교내공지,2023학년도 1학기 일반대학원 전과 희망자 지원 신청 안내 https   www jbnu ac kr kor  menuID 139 mode view no 51719 제3 4차 JBNU 개발협력 세미나 시리즈  인디코드 청중 신청 안내 보건의료 디지털전환  https   www jbnu ac kr kor  menuID 139 mode view no 51718 2023학년도 1학기 일반대학원 재입학 시행 공고 https   www jbnu ac kr kor  menuID 139 mode view no 51717 2022년 취업성공수기 공모전 참여 안내 졸업예정자 대상  https   www jbnu ac kr kor  menuID 139 mode view no 51716 12월 전대 문화위크   Merry christmas with 로운 https   www jbnu ac kr kor  menuID 139 mode view no 51715  해외어학연수  2022동계방학 및 2023 1학기 해외어학연수 파견학생 추가 선발 안내 https   www jbnu ac kr kor  menuID 139 mode view no 51714 교과목  대학생활과진로설계  대학생활계획서 및 학생지원프로그램 제출기한 연장 안내 12월20일까지  https   www jbnu ac kr kor  menuID 139 mode view no 51713 2023학년도 DB우수인재장학생 동하리9기  모집 안내 https   www jbnu ac kr kor  menuID 139 mode view no 51712  혁교원  2022학년도 독서 인증제 다독상 및 우수 보고서 시상 계획 안내 https   www jbnu ac kr kor  menuID 139 mode view no 51711 ,,교내 공지,인식하지못함,인식하지못함,인식하지못함,인식하지못함
12:32:9,교내 공지,2023학년도 1학기 일반대학원 전과 희망자 지원 신청 안내 https   www jbnu ac kr kor  menuID 139 mode view no 51719 제3 4차 JBNU 개발협력 세미나 시리즈  인디코드 청중 신청 안내 보건의료 디지털전환  https   www jbnu ac kr kor  menuID 139 mode view no 51718 2023학년도 1학기 일반대학원 재입학 시행 공고 https   www jbnu ac kr kor  menuID 139 mode view no 51717 2022년 취업성공수기 공모전 참여 안내 졸업예정자 대상  https   www jbnu ac kr kor  menuID 139 mode view no 51716 12월 전대 문화위크   Merry christmas with 로운 https   www jbnu ac kr kor  menuID 139 mode view no 51715  해외어학연수  2022동계방학 및 2023 1학기 해외어학연수 파견학생 추가 선발 안내 https   www jbnu ac kr kor  menuID 139 mode view no 51714 교과목  대학생활과진로설계  대학생활계획서 및 학생지원프로그램 제출기한 연장 안내 12월20일까지  https   www jbnu ac kr kor  menuID 139 mode view no 51713 2023학년도 DB우수인재장학생 동하리9기  모집 안내 https   www jbnu ac kr kor  menuID 139 mode view no 51712  혁교원  2022학년도 독서 인증제 다독상 및 우수 보고서 시상 계획 안내 https   www jbnu ac kr kor  menuID 139 mode view no 51711 ,,교내 공지,인식하지못함,인식하지못함,인식하지못함,인식하지못함
12:34:21,도움말,한국어 너무 어려워요         말씀 좀 자세히    좀     부탁드립니다       ,,교내 공지,인식하지못함,인식하지못함,인식하지못함,인식하지못함
12:34:48,도움말,이해하기가 힘들어요        말씀 좀 자세히    좀     부탁드립니다       ,,교내 공지,인식하지못함,인식하지못함,인식하지못함,인식하지못함
12:34:48,교내공지,2023학년도 1학기 일반대학원 전과 희망자 지원 신청 안내 https   www jbnu ac kr kor  menuID 139 mode view no 51719 제3 4차 JBNU 개발협력 세미나 시리즈  인디코드 청중 신청 안내 보건의료 디지털전환  https   www jbnu ac kr kor  menuID 139 mode view no 51718 2023학년도 1학기 일반대학원 재입학 시행 공고 https   www jbnu ac kr kor  menuID 139 mode view no 51717 2022년 취업성공수기 공모전 참여 안내 졸업예정자 대상  https   www jbnu ac kr kor  menuID 139 mode view no 51716 12월 전대 문화위크   Merry christmas with 로운 https   www jbnu ac kr kor  menuID 139 mode view no 51715  해외어학연수  2022동계방학 및 2023 1학기 해외어학연수 파견학생 추가 선발 안내 https   www jbnu ac kr kor  menuID 139 mode view no 51714 교과목  대학생활과진로설계  대학생활계획서 및 학생지원프로그램 제출기한 연장 안내 12월20일까지  https   www jbnu ac kr kor  menuID 139 mode view no 51713 2023학년도 DB우수인재장학생 동하리9기  모집 안내 https   www jbnu ac kr kor  menuID 139 mode view no 51712  혁교원  2022학년도 독서 인증제 다독상 및 우수 보고서 시상 계획 안내 https   www jbnu ac kr kor  menuID 139 mode view no 51711 ,,교내 공지,인식하지못함,인식하지못함,인식하지못함,인식하지못함
12:35:0,도움말,너무 어려워요                 조금 더 자세히 입력해주세요        ,,교내 공지,인식하지못함,인식하지못함,인식하지못함,인식하지못함
12:35:8,도움말,한국어 너무 어려워요         더 자세히 말씀해주실 수 있나요              ,,교내 공지,인식하지못함,인식하지못함,인식하지못함,인식하지못함
12:35:10,도움말,한국어 너무 어려워요         조금만 더 쉽게 말해주세요      ,,교내 공지,인식하지못함,인식하지못함,인식하지못함,인식하지못함
12:35:53,교내공지,2023학년도 1학기 일반대학원 전과 희망자 지원 신청 안내 https   www jbnu ac kr kor  menuID 139 mode view no 51719 제3 4차 JBNU 개발협력 세미나 시리즈  인디코드 청중 신청 안내 보건의료 디지털전환  https   www jbnu ac kr kor  menuID 139 mode view no 51718 2023학년도 1학기 일반대학원 재입학 시행 공고 https   www jbnu ac kr kor  menuID 139 mode view no 51717 2022년 취업성공수기 공모전 참여 안내 졸업예정자 대상  https   www jbnu ac kr kor  menuID 139 mode view no 51716 12월 전대 문화위크   Merry christmas with 로운 https   www jbnu ac kr kor  menuID 139 mode view no 51715  해외어학연수  2022동계방학 및 2023 1학기 해외어학연수 파견학생 추가 선발 안내 https   www jbnu ac kr kor  menuID 139 mode view no 51714 교과목  대학생활과진로설계  대학생활계획서 및 학생지원프로그램 제출기한 연장 안내 12월20일까지  https   www jbnu ac kr kor  menuID 139 mode view no 51713 2023학년도 DB우수인재장학생 동하리9기  모집 안내 https   www jbnu ac kr kor  menuID 139 mode view no 51712  혁교원  2022학년도 독서 인증제 다독상 및 우수 보고서 시상 계획 안내 https   www jbnu ac kr kor  menuID 139 mode view no 51711 ,,교내 공지,인식하지못함,인식하지못함,인식하지못함,인식하지못함
12:38:48,도북아,이해하기가 힘들어요        조금 더 자세히 입력해주세요        ,,교내 공지,인식하지못함,인식하지못함,인식하지못함,인식하지못함
12:39:18,진수당 메뉴 뭐야 ,진수원 화요일 점심 동태찌개돈사태단호박조림새우까스샐러드느타리숙주무침,,교내학식,진수원,점심,화요일,인식하지못함
12:42:21,도움말,이해하기가 힘들어요        더 자세히 말씀해주실 수 있나요              ,,교내 공지,인식하지못함,인식하지못함,인식하지못함,인식하지못함
12:42:23,도움말,아직 공부를 별로 안했어요          조금만 더 쉽게 말해주세요      ,,교내 공지,인식하지못함,인식하지못함,인식하지못함,인식하지못함
12:42:38,교내 공지,2023학년도 1학기 일반대학원 전과 희망자 지원 신청 안내 https   www jbnu ac kr kor  menuID 139 mode view no 51719 제3 4차 JBNU 개발협력 세미나 시리즈  인디코드 청중 신청 안내 보건의료 디지털전환  https   www jbnu ac kr kor  menuID 139 mode view no 51718 2023학년도 1학기 일반대학원 재입학 시행 공고 https   www jbnu ac kr kor  menuID 139 mode view no 51717 2022년 취업성공수기 공모전 참여 안내 졸업예정자 대상  https   www jbnu ac kr kor  menuID 139 mode view no 51716 12월 전대 문화위크   Merry christmas with 로운 https   www jbnu ac kr kor  menuID 139 mode view no 51715  해외어학연수  2022동계방학 및 2023 1학기 해외어학연수 파견학생 추가 선발 안내 https   www jbnu ac kr kor  menuID 139 mode view no 51714 교과목  대학생활과진로설계  대학생활계획서 및 학생지원프로그램 제출기한 연장 안내 12월20일까지  https   www jbnu ac kr kor  menuID 139 mode view no 51713 2023학년도 DB우수인재장학생 동하리9기  모집 안내 https   www jbnu ac kr kor  menuID 139 mode view no 51712  혁교원  2022학년도 독서 인증제 다독상 및 우수 보고서 시상 계획 안내 https   www jbnu ac kr kor  menuID 139 mode view no 51711 ,,교내 공지,인식하지못함,인식하지못함,인식하지못함,인식하지못함
12:42:49,교내 공지,2023학년도 1학기 일반대학원 전과 희망자 지원 신청 안내 https   www jbnu ac kr kor  menuID 139 mode view no 51719 제3 4차 JBNU 개발협력 세미나 시리즈  인디코드 청중 신청 안내 보건의료 디지털전환  https   www jbnu ac kr kor  menuID 139 mode view no 51718 2023학년도 1학기 일반대학원 재입학 시행 공고 https   www jbnu ac kr kor  menuID 139 mode view no 51717 2022년 취업성공수기 공모전 참여 안내 졸업예정자 대상  https   www jbnu ac kr kor  menuID 139 mode view no 51716 12월 전대 문화위크   Merry christmas with 로운 https   www jbnu ac kr kor  menuID 139 mode view no 51715  해외어학연수  2022동계방학 및 2023 1학기 해외어학연수 파견학생 추가 선발 안내 https   www jbnu ac kr kor  menuID 139 mode view no 51714 교과목  대학생활과진로설계  대학생활계획서 및 학생지원프로그램 제출기한 연장 안내 12월20일까지  https   www jbnu ac kr kor  menuID 139 mode view no 51713 2023학년도 DB우수인재장학생 동하리9기  모집 안내 https   www jbnu ac kr kor  menuID 139 mode view no 51712  혁교원  2022학년도 독서 인증제 다독상 및 우수 보고서 시상 계획 안내 https   www jbnu ac kr kor  menuID 139 mode view no 51711 ,,교내 공지,인식하지못함,인식하지못함,인식하지못함,인식하지못함
12:43:45,교내 공지,2023학년도 1학기 일반대학원 전과 희망자 지원 신청 안내 https   www jbnu ac kr kor  menuID 139 mode view no 51719 제3 4차 JBNU 개발협력 세미나 시리즈  인디코드 청중 신청 안내 보건의료 디지털전환  https   www jbnu ac kr kor  menuID 139 mode view no 51718 2023학년도 1학기 일반대학원 재입학 시행 공고 https   www jbnu ac kr kor  menuID 139 mode view no 51717 2022년 취업성공수기 공모전 참여 안내 졸업예정자 대상  https   www jbnu ac kr kor  menuID 139 mode view no 51716 12월 전대 문화위크   Merry christmas with 로운 https   www jbnu ac kr kor  menuID 139 mode view no 51715  해외어학연수  2022동계방학 및 2023 1학기 해외어학연수 파견학생 추가 선발 안내 https   www jbnu ac kr kor  menuID 139 mode view no 51714 교과목  대학생활과진로설계  대학생활계획서 및 학생지원프로그램 제출기한 연장 안내 12월20일까지  https   www jbnu ac kr kor  menuID 139 mode view no 51713 2023학년도 DB우수인재장학생 동하리9기  모집 안내 https   www jbnu ac kr kor  menuID 139 mode view no 51712  혁교원  2022학년도 독서 인증제 다독상 및 우수 보고서 시상 계획 안내 https   www jbnu ac kr kor  menuID 139 mode view no 51711 ,,교내 공지,인식하지못함,인식하지못함,인식하지못함,인식하지못함
12:44:11,교내학식,2023학년도 1학기 일반대학원 전과 희망자 지원 신청 안내 https   www jbnu ac kr kor  menuID 139 mode view no 51719 제3 4차 JBNU 개발협력 세미나 시리즈  인디코드 청중 신청 안내 보건의료 디지털전환  https   www jbnu ac kr kor  menuID 139 mode view no 51718 2023학년도 1학기 일반대학원 재입학 시행 공고 https   www jbnu ac kr kor  menuID 139 mode view no 51717 2022년 취업성공수기 공모전 참여 안내 졸업예정자 대상  https   www jbnu ac kr kor  menuID 139 mode view no 51716 12월 전대 문화위크   Merry christmas with 로운 https   www jbnu ac kr kor  menuID 139 mode view no 51715  해외어학연수  2022동계방학 및 2023 1학기 해외어학연수 파견학생 추가 선발 안내 https   www jbnu ac kr kor  menuID 139 mode view no 51714 교과목  대학생활과진로설계  대학생활계획서 및 학생지원프로그램 제출기한 연장 안내 12월20일까지  https   www jbnu ac kr kor  menuID 139 mode view no 51713 2023학년도 DB우수인재장학생 동하리9기  모집 안내 https   www jbnu ac kr kor  menuID 139 mode view no 51712  혁교원  2022학년도 독서 인증제 다독상 및 우수 보고서 시상 계획 안내 https   www jbnu ac kr kor  menuID 139 mode view no 51711 ,,교내 공지,인식하지못함,인식하지못함,인식하지못함,인식하지못함
12:44:26,오늘 밥 뭐나오니,         무슨 말인지 잘 모르겠어요  혹시 학식을 찾고계신가요  조금 더 자세히 입력해주세요   ,,교내학식,인식하지못함,점심,화요일,인식하지못함
12:44:31,참빛 뱌,참빛관 화요일 점심 쌀밥 어묵국 모듬장조림 쥐어채볶음 다시마튀각 김치  누들식  오징어짬뽕 감자고로케 케찹 단무지무침 김치,,교내학식,참빛관,점심,화요일,인식하지못함
12:51:9,오늘 기숙사 밥 알려주라,아직 공부를 별로 안했어요          혹시 학식을 찾고계신가요  어떤 식당인지도 알려주실래요            ,,교내학식,인식하지못함,점심,화요일,인식하지못함
12:52:32,공지사항 가져와봐,2023학년도 1학기 일반대학원 전과 희망자 지원 신청 안내 https   www jbnu ac kr kor  menuID 139 mode view no 51719 제3 4차 JBNU 개발협력 세미나 시리즈  인디코드 청중 신청 안내 보건의료 디지털전환  https   www jbnu ac kr kor  menuID 139 mode view no 51718 2023학년도 1학기 일반대학원 재입학 시행 공고 https   www jbnu ac kr kor  menuID 139 mode view no 51717 2022년 취업성공수기 공모전 참여 안내 졸업예정자 대상  https   www jbnu ac kr kor  menuID 139 mode view no 51716 12월 전대 문화위크   Merry christmas with 로운 https   www jbnu ac kr kor  menuID 139 mode view no 51715  해외어학연수  2022동계방학 및 2023 1학기 해외어학연수 파견학생 추가 선발 안내 https   www jbnu ac kr kor  menuID 139 mode view no 51714 교과목  대학생활과진로설계  대학생활계획서 및 학생지원프로그램 제출기한 연장 안내 12월20일까지  https   www jbnu ac kr kor  menuID 139 mode view no 51713 2023학년도 DB우수인재장학생 동하리9기  모집 안내 https   www jbnu ac kr kor  menuID 139 mode view no 51712  혁교원  2022학년도 독서 인증제 다독상 및 우수 보고서 시상 계획 안내 https   www jbnu ac kr kor  menuID 139 mode view no 51711 ,,교내 공지,인식하지못함,인식하지못함,인식하지못함,인식하지못함
12:56:41,도움말,         무슨 말인지 잘 모르겠어요  조금만 더 쉽게 말해주세요      ,,교내 공지,인식하지못함,인식하지못함,인식하지못함,인식하지못함
12:57:24,교내공지,2023학년도 1학기 일반대학원 전과 희망자 지원 신청 안내 https   www jbnu ac kr kor  menuID 139 mode view no 51719 제3 4차 JBNU 개발협력 세미나 시리즈  인디코드 청중 신청 안내 보건의료 디지털전환  https   www jbnu ac kr kor  menuID 139 mode view no 51718 2023학년도 1학기 일반대학원 재입학 시행 공고 https   www jbnu ac kr kor  menuID 139 mode view no 51717 2022년 취업성공수기 공모전 참여 안내 졸업예정자 대상  https   www jbnu ac kr kor  menuID 139 mode view no 51716 12월 전대 문화위크   Merry christmas with 로운 https   www jbnu ac kr kor  menuID 139 mode view no 51715  해외어학연수  2022동계방학 및 2023 1학기 해외어학연수 파견학생 추가 선발 안내 https   www jbnu ac kr kor  menuID 139 mode view no 51714 교과목  대학생활과진로설계  대학생활계획서 및 학생지원프로그램 제출기한 연장 안내 12월20일까지  https   www jbnu ac kr kor  menuID 139 mode view no 51713 2023학년도 DB우수인재장학생 동하리9기  모집 안내 https   www jbnu ac kr kor  menuID 139 mode view no 51712  혁교원  2022학년도 독서 인증제 다독상 및 우수 보고서 시상 계획 안내 https   www jbnu ac kr kor  menuID 139 mode view no 51711 ,,교내 공지,인식하지못함,인식하지못함,인식하지못함,인식하지못함
12:59:14,이 바보가,아직 공부를 별로 안했어요          더 자세히 말씀해주실 수 있나요              ,,교내 공지,인식하지못함,인식하지못함,인식하지못함,인식하지못함
12:59:20,이바보가,이해하기가 힘들어요        조금만 더 쉽게 말해주세요      ,,교내 공지,인식하지못함,인식하지못함,인식하지못함,인식하지못함
13:0:0,이용 방법 ,         무슨 말인지 잘 모르겠어요  더 자세히 말씀해주실 수 있나요              ,,위치,인식하지못함,인식하지못함,인식하지못함,인식하지못함
14:26:3,저녁밥뭐니,         무슨 말인지 잘 모르겠어요  혹시 학식을 찾고계신가요  어떤 식당인지도 알려주실래요            ,,교내학식,인식하지못함,저녁,화요일,인식하지못함
14:28:15,공지사항,2023학년도 1학기 일반대학원 전과 희망자 지원 신청 안내 https   www jbnu ac kr kor  menuID 139 mode view no 51719 제3 4차 JBNU 개발협력 세미나 시리즈  인디코드 청중 신청 안내 보건의료 디지털전환  https   www jbnu ac kr kor  menuID 139 mode view no 51718 2023학년도 1학기 일반대학원 재입학 시행 공고 https   www jbnu ac kr kor  menuID 139 mode view no 51717 2022년 취업성공수기 공모전 참여 안내 졸업예정자 대상  https   www jbnu ac kr kor  menuID 139 mode view no 51716 12월 전대 문화위크   Merry christmas with 로운 https   www jbnu ac kr kor  menuID 139 mode view no 51715  해외어학연수  2022동계방학 및 2023 1학기 해외어학연수 파견학생 추가 선발 안내 https   www jbnu ac kr kor  menuID 139 mode view no 51714 교과목  대학생활과진로설계  대학생활계획서 및 학생지원프로그램 제출기한 연장 안내 12월20일까지  https   www jbnu ac kr kor  menuID 139 mode view no 51713 2023학년도 DB우수인재장학생 동하리9기  모집 안내 https   www jbnu ac kr kor  menuID 139 mode view no 51712  혁교원  2022학년도 독서 인증제 다독상 및 우수 보고서 시상 계획 안내 https   www jbnu ac kr kor  menuID 139 mode view no 51711 ,,교내 공지,인식하지못함,인식하지못함,인식하지못함,인식하지못함
14:28:22,전대누리,한국어 너무 어려워요         조금 더 자세히 입력해주세요        ,,교내 공지,인식하지못함,인식하지못함,인식하지못함,인식하지못함
14:28:28,전대누리 눈,https   www instagram com jbnu1947 ,,sns안내,전북대학교,인식하지못함,인식하지못함,인식하지못함
14:32:30,   ,한국어 너무 어려워요         조금 더 자세히 입력해주세요        ,,교내 공지,인식하지못함,인식하지못함,인식하지못함,인식하지못함
14:32:34,한빛관,너무 어려워요                 조금 더 자세히 입력해주세요        ,,교내학식,직영관,점심,화요일,인식하지못함
14:32:42,학식메뉴,이해하기가 힘들어요        혹시 학식을 찾고계신가요  어떤 식당인지도 알려주실래요            ,,교내학식,인식하지못함,점심,화요일,인식하지못함
14:33:5,1,조금 더 자세히 말씀해 주실래요      ,,교내 공지,인식하지못함,인식하지못함,인식하지못함,인식하지못함
14:33:28,진수당,이해하기가 힘들어요        조금 더 자세히 입력해주세요        ,,교내 공지,인식하지못함,인식하지못함,인식하지못함,인식하지못함
14:33:33,1 진수당,         무슨 말인지 잘 모르겠어요  조금만 더 쉽게 말해주세요      ,,교내 공지,인식하지못함,인식하지못함,인식하지못함,인식하지못함
14:33:40,1  진수당,         무슨 말인지 잘 모르겠어요  조금만 더 쉽게 말해주세요      ,,교내 공지,인식하지못함,인식하지못함,인식하지못함,인식하지못함
14:35:31,본부위치 어디야 ,http   kko to SuSSPUSKiY,,위치,전북대학교 대학본부,인식하지못함,인식하지못함,인식하지못함
14:35:39,무역학과 과사,사무실   상과대학 제2호관 301호실  T 063 270 3009  3013 F 063 270 3041,,학과사무실,무역학과,인식하지못함,인식하지못함,인식하지못함
14:35:50,상대 1호관,http   kko to uBHJANoJTm,,위치,전북대학교 상과대학,인식하지못함,인식하지못함,1호관
14:36:37,2,조금 더 길게 말씀해 주실래요          ,,교내 공지,인식하지못함,인식하지못함,인식하지못함,인식하지못함
14:37:12,  ,너무 짧아요     자세히 좀            ,,교내 공지,인식하지못함,인식하지못함,인식하지못함,인식하지못함
14:37:20,공지사항,2023학년도 1학기 일반대학원 전과 희망자 지원 신청 안내 https   www jbnu ac kr kor  menuID 139 mode view no 51719 제3 4차 JBNU 개발협력 세미나 시리즈  인디코드 청중 신청 안내 보건의료 디지털전환  https   www jbnu ac kr kor  menuID 139 mode view no 51718 2023학년도 1학기 일반대학원 재입학 시행 공고 https   www jbnu ac kr kor  menuID 139 mode view no 51717 2022년 취업성공수기 공모전 참여 안내 졸업예정자 대상  https   www jbnu ac kr kor  menuID 139 mode view no 51716 12월 전대 문화위크   Merry christmas with 로운 https   www jbnu ac kr kor  menuID 139 mode view no 51715  해외어학연수  2022동계방학 및 2023 1학기 해외어학연수 파견학생 추가 선발 안내 https   www jbnu ac kr kor  menuID 139 mode view no 51714 교과목  대학생활과진로설계  대학생활계획서 및 학생지원프로그램 제출기한 연장 안내 12월20일까지  https   www jbnu ac kr kor  menuID 139 mode view no 51713 2023학년도 DB우수인재장학생 동하리9기  모집 안내 https   www jbnu ac kr kor  menuID 139 mode view no 51712  혁교원  2022학년도 독서 인증제 다독상 및 우수 보고서 시상 계획 안내 https   www jbnu ac kr kor  menuID 139 mode view no 51711 ,,교내 공지,인식하지못함,인식하지못함,인식하지못함,인식하지못함
14:37:34,학과 사무실 정보,너무 어려워요                 혹시 학과사무실 정보를 찾으시나요  조금 더 자세히 입력해주세요        ,,학과사무실,인식하지못함,인식하지못함,인식하지못함,인식하지못함
14:37:40,전자공학부,사무실   공대 7호관 224호 T 063 270 2475  2409  2462 F 063 270 2394,,학과사무실,전자공학부,인식하지못함,인식하지못함,인식하지못함
14:37:47,학식메뉴,         무슨 말인지 잘 모르겠어요  혹시 학식을 찾고계신가요  어떤 식당인지도 알려주실래요            ,,교내학식,인식하지못함,점심,화요일,인식하지못함
14:38:2,공대 7호관,http   kko to gnD1U17KCK,,위치,전북대학교 공과대학,인식하지못함,인식하지못함,7호관
14:38:30,인스타,너무 어려워요                 조금 더 자세히 입력해주세요        ,,sns안내,인식하지못함,인식하지못함,인식하지못함,인식하지못함
14:38:33,교내 인스타,아직 공부를 별로 안했어요          말씀 좀 자세히    좀     부탁드립니다       ,,sns안내,인식하지못함,인식하지못함,인식하지못함,인식하지못함
14:38:35, ,알 수 없는 오류가 발생했어요           화면캡쳐후 전송부탁드려요   2266880 naver com ,,,,,,
14:38:47,인스타그램,아직 공부를 별로 안했어요          더 자세히 말씀해주실 수 있나요              ,,교내 공지,인식하지못함,인식하지못함,인식하지못함,인식하지못함
14:40:5,도북이 안녕,이해하기가 힘들어요        조금 더 자세히 입력해주세요        ,,교내 공지,인식하지못함,인식하지못함,인식하지못함,인식하지못함
14:40:6,인서타,         무슨 말인지 잘 모르겠어요  말씀 좀 자세히    좀     부탁드립니다       ,,sns안내,인식하지못함,인식하지못함,인식하지못함,인식하지못함
14:40:9,인스타그램,한국어 너무 어려워요         말씀 좀 자세히    좀     부탁드립니다       ,,교내 공지,인식하지못함,인식하지못함,인식하지못함,인식하지못함
14:40:11,Instagram,너무 어려워요                 말씀 좀 자세히    좀     부탁드립니다       ,,교내 공지,인식하지못함,인식하지못함,인식하지못함,인식하지못함
14:40:11,  미안,너무 어려워요                 말씀 좀 자세히    좀     부탁드립니다       ,,교내 공지,인식하지못함,인식하지못함,인식하지못함,인식하지못함
14:40:14,Sns,         무슨 말인지 잘 모르겠어요  조금 더 자세히 입력해주세요        ,,교내 공지,인식하지못함,인식하지못함,인식하지못함,인식하지못함
14:40:14,  ,조금 더 길게 말씀해 주실래요          ,,교내 공지,인식하지못함,인식하지못함,인식하지못함,인식하지못함
14:40:18,SNS,너무 어려워요                 더 자세히 말씀해주실 수 있나요              ,,교내 공지,인식하지못함,인식하지못함,인식하지못함,인식하지못함
14:40:21,아니,조금 더 자세히 말씀해 주실래요      ,,교내 공지,인식하지못함,인식하지못함,인식하지못함,인식하지못함
14:40:31,진수당,아직 공부를 별로 안했어요          말씀 좀 자세히    좀     부탁드립니다       ,,교내 공지,인식하지못함,인식하지못함,인식하지못함,인식하지못함
14:40:34,진수당,이해하기가 힘들어요        조금만 더 쉽게 말해주세요      ,,교내 공지,인식하지못함,인식하지못함,인식하지못함,인식하지못함
14:40:35,후생관,         무슨 말인지 잘 모르겠어요  말씀 좀 자세히    좀     부탁드립니다       ,,교내학식,후생관,전체,화요일,인식하지못함
14:40:37,식당,조금 더 자세히 말씀해 주실래요      ,,교내 공지,인식하지못함,인식하지못함,인식하지못함,인식하지못함
14:40:39,교내식당,2023학년도 1학기 일반대학원 전과 희망자 지원 신청 안내 https   www jbnu ac kr kor  menuID 139 mode view no 51719 제3 4차 JBNU 개발협력 세미나 시리즈  인디코드 청중 신청 안내 보건의료 디지털전환  https   www jbnu ac kr kor  menuID 139 mode view no 51718 2023학년도 1학기 일반대학원 재입학 시행 공고 https   www jbnu ac kr kor  menuID 139 mode view no 51717 2022년 취업성공수기 공모전 참여 안내 졸업예정자 대상  https   www jbnu ac kr kor  menuID 139 mode view no 51716 12월 전대 문화위크   Merry christmas with 로운 https   www jbnu ac kr kor  menuID 139 mode view no 51715  해외어학연수  2022동계방학 및 2023 1학기 해외어학연수 파견학생 추가 선발 안내 https   www jbnu ac kr kor  menuID 139 mode view no 51714 교과목  대학생활과진로설계  대학생활계획서 및 학생지원프로그램 제출기한 연장 안내 12월20일까지  https   www jbnu ac kr kor  menuID 139 mode view no 51713 2023학년도 DB우수인재장학생 동하리9기  모집 안내 https   www jbnu ac kr kor  menuID 139 mode view no 51712  혁교원  2022학년도 독서 인증제 다독상 및 우수 보고서 시상 계획 안내 https   www jbnu ac kr kor  menuID 139 mode view no 51711 ,,교내 공지,인식하지못함,인식하지못함,인식하지못함,인식하지못함
14:49:15,야,조금 더 길게 말씀해 주실래요          ,,교내 공지,인식하지못함,인식하지못함,인식하지못함,인식하지못함
14:49:23,1 2,한국어 너무 어려워요         조금 더 자세히 입력해주세요        ,,위치,인식하지못함,인식하지못함,인식하지못함,인식하지못함
14:49:42,3더하기5는 뭐야 ,한국어 너무 어려워요         말씀 좀 자세히    좀     부탁드립니다       ,,sns안내,인식하지못함,인식하지못함,인식하지못함,인식하지못함
14:50:4,과사,조금 더 길게 말씀해 주실래요          ,,학과사무실,인식하지못함,인식하지못함,인식하지못함,인식하지못함
14:50:9,과사   ,한국어 너무 어려워요         혹시 학과사무실 정보를 찾으시나요  조금 더 자세히 입력해주세요        ,,학과사무실,인식하지못함,인식하지못함,인식하지못함,인식하지못함
14:50:15,공대 어디냐,너무 어려워요                 말씀 좀 자세히    좀     부탁드립니다       ,,위치,전북대학교 공과대학,인식하지못함,인식하지못함,인식하지못함
14:50:29,공대 6호관 어디냐,http   kko to F Cagbfp39,,위치,전북대학교 공과대학,인식하지못함,인식하지못함,6호관
14:50:57,후생관,아직 공부를 별로 안했어요          말씀 좀 자세히    좀     부탁드립니다       ,,교내학식,후생관,전체,화요일,인식하지못함
14:51:1,무역학과 과사,사무실   상과대학 제2호관 301호실  T 063 270 3009  3013 F 063 270 3041,,학과사무실,무역학과,인식하지못함,인식하지못함,인식하지못함
14:51:3,   ,화요일 후생관 메뉴 찌개 운영없음 돌솥 불닭마요돌솥 특 식 바싹불고기김치덮밥 고정메뉴 분식 생협김밥  참치마요김밥  유부우동  꼬지우동  김치우동  김밥우동세트 라면 신라면  치즈라면  순두부열라면  짜계치  라면정식  라면김밥세트   요일별 샐러드 양식 월  금    소시지오므라이스화     새우튀김오므라이스 수    통등심돈까스  치즈돈까스목    스페셜오므라이스 ,,교내학식,후생관,전체,화요일,인식하지못함
14:51:7,후생관,너무 어려워요                 말씀 좀 자세히    좀     부탁드립니다       ,,교내학식,후생관,전체,화요일,인식하지못함
14:51:7,고한별집,너무 어려워요                 더 자세히 말씀해주실 수 있나요              ,,교내 공지,인식하지못함,인식하지못함,인식하지못함,인식하지못함
14:51:32,우흥,조금 더 길게 말씀해 주실래요          ,,교내 공지,인식하지못함,인식하지못함,인식하지못함,인식하지못함
14:51:41,종강,조금 더 길게 말씀해 주실래요          ,,교내 공지,인식하지못함,인식하지못함,인식하지못함,인식하지못함
14:51:48,종강날짜,         무슨 말인지 잘 모르겠어요  더 자세히 말씀해주실 수 있나요              ,,교내 공지,인식하지못함,인식하지못함,인식하지못함,인식하지못함
14:51:56,참빛관 메뉴 뭐야,참빛관 화요일 점심 쌀밥 어묵국 모듬장조림 쥐어채볶음 다시마튀각 김치  누들식  오징어짬뽕 감자고로케 케찹 단무지무침 김치,,교내학식,참빛관,점심,화요일,인식하지못함
14:52:4,올 제법인데,한국어 너무 어려워요         말씀 좀 자세히    좀     부탁드립니다       ,,교내 공지,인식하지못함,인식하지못함,인식하지못함,인식하지못함
14:52:41,유인호 교수님 전화번호 뭐야,알 수 없는 오류가 발생했어요           화면캡쳐후 전송부탁드려요   2266880 naver com ,,,,,,
14:52:55,진수당,너무 어려워요                 조금 더 자세히 입력해주세요        ,,교내 공지,인식하지못함,인식하지못함,인식하지못함,인식하지못함
14:53:1,   ,진수원 화요일 점심 동태찌개돈사태단호박조림새우까스샐러드느타리숙주무침,,교내학식,진수원,점심,화요일,인식하지못함
14:54:0,학식 메뉴,이해하기가 힘들어요        혹시 학식을 찾고계신가요  어떤 식당인지도 알려주실래요            ,,교내학식,인식하지못함,점심,화요일,인식하지못함
14:54:9,후생관 점심,화요일 후생관 메뉴 찌개 운영없음 돌솥 불닭마요돌솥 특 식 바싹불고기김치덮밥 고정메뉴 분식 생협김밥  참치마요김밥  유부우동  꼬지우동  김치우동  김밥우동세트 라면 신라면  치즈라면  순두부열라면  짜계치  라면정식  라면김밥세트   요일별 샐러드 양식 월  금    소시지오므라이스화     새우튀김오므라이스 수    통등심돈까스  치즈돈까스목    스페셜오므라이스 ,,교내학식,후생관,전체,화요일,인식하지못함
14:54:15,후생관,아직 공부를 별로 안했어요          더 자세히 말씀해주실 수 있나요              ,,교내학식,후생관,전체,화요일,인식하지못함
14:54:19,후생관,한국어 너무 어려워요         조금만 더 쉽게 말해주세요      ,,교내학식,후생관,전체,화요일,인식하지못함
14:54:30,  ,조금 더 길게 말씀해 주실래요          ,,교내학식,직영관,점심,화요일,인식하지못함
14:54:33,  ,조금 더 자세히 말씀해 주실래요      ,,교내학식,직영관,점심,화요일,인식하지못함
14:54:34,기시공 과사,알 수 없는 오류가 발생했어요           화면캡쳐후 전송부탁드려요   2266880 naver com ,,,,,,
14:54:41,  ,조금 더 길게 말씀해 주실래요          ,,교내학식,직영관,점심,화요일,인식하지못함
14:54:43,   ,직영관 화요일 점심 잡곡밥 건새우아욱국 돈수육 야채쌈 한식잡채 무말랭이무침 포기김치 매실쥬스,,교내학식,직영관,점심,화요일,인식하지못함
14:54:43,  ,조금 더 길게 말씀해 주실래요          ,,교내학식,직영관,점심,화요일,인식하지못함
14:54:44,기계시스템공학부 과사,사무실   공대 1호관 132호 T 063 270 2276 F 063 270 2285,,학과사무실,기계공학과,인식하지못함,인식하지못함,인식하지못함
14:54:46,  ,너무 짧아요     자세히 좀            ,,교내학식,직영관,점심,화요일,인식하지못함
14:55:5,후생관,한국어 너무 어려워요         말씀 좀 자세히    좀     부탁드립니다       ,,교내학식,후생관,전체,화요일,인식하지못함
14:55:9,후생관   ,화요일 후생관 메뉴 찌개 운영없음 돌솥 불닭마요돌솥 특 식 바싹불고기김치덮밥 고정메뉴 분식 생협김밥  참치마요김밥  유부우동  꼬지우동  김치우동  김밥우동세트 라면 신라면  치즈라면  순두부열라면  짜계치  라면정식  라면김밥세트   요일별 샐러드 양식 월  금    소시지오므라이스화     새우튀김오므라이스 수    통등심돈까스  치즈돈까스목    스페셜오므라이스 ,,교내학식,후생관,전체,화요일,인식하지못함
14:55:15,후생관 메뉴,화요일 후생관 메뉴 찌개 운영없음 돌솥 불닭마요돌솥 특 식 바싹불고기김치덮밥 고정메뉴 분식 생협김밥  참치마요김밥  유부우동  꼬지우동  김치우동  김밥우동세트 라면 신라면  치즈라면  순두부열라면  짜계치  라면정식  라면김밥세트   요일별 샐러드 양식 월  금    소시지오므라이스화     새우튀김오므라이스 수    통등심돈까스  치즈돈까스목    스페셜오므라이스 ,,교내학식,후생관,전체,화요일,인식하지못함
14:55:55,기시공,알 수 없는 오류가 발생했어요           화면캡쳐후 전송부탁드려요   2266880 naver com ,,,,,,
14:56:1,기시공 과사,알 수 없는 오류가 발생했어요           화면캡쳐후 전송부탁드려요   2266880 naver com ,,,,,,
14:56:5,기시공 과사무실,알 수 없는 오류가 발생했어요           화면캡쳐후 전송부탁드려요   2266880 naver com ,,,,,,
14:56:13,기계시스템공학과 과사무실,사무실   공대 1호관 132호 T 063 270 2276 F 063 270 2285,,학과사무실,기계공학과,인식하지못함,인식하지못함,인식하지못함
14:56:25,기시공 과사무실,알 수 없는 오류가 발생했어요           화면캡쳐후 전송부탁드려요   2266880 naver com ,,,,,,
14:56:38,기계시스템공학과 과사,사무실   공대 1호관 132호 T 063 270 2276 F 063 270 2285,,학과사무실,기계공학과,인식하지못함,인식하지못함,인식하지못함
14:57:29,도북아,아직 공부를 별로 안했어요          조금 더 자세히 입력해주세요        ,,교내 공지,인식하지못함,인식하지못함,인식하지못함,인식하지못함
14:57:39,도북아 나 새빛관 점심,직영관 화요일 점심 잡곡밥 건새우아욱국 돈수육 야채쌈 한식잡채 무말랭이무침 포기김치 매실쥬스,,교내학식,직영관,점심,화요일,인식하지못함
14:57:47,기시공,알 수 없는 오류가 발생했어요           화면캡쳐후 전송부탁드려요   2266880 naver com ,,,,,,
14:58:0,기계시스템 과서,사무실   공대 1호관 132호 T 063 270 2276 F 063 270 2285,,학과사무실,기계공학과,인식하지못함,인식하지못함,인식하지못함
14:58:9,기계시스템,사무실   공대 1호관 132호 T 063 270 2276 F 063 270 2285,,학과사무실,기계공학과,인식하지못함,인식하지못함,인식하지못함
14:58:15,정외,조금 더 자세히 말씀해 주실래요      ,,학과사무실,정치외교학과,인식하지못함,인식하지못함,인식하지못함
14:58:16,점심,조금 더 길게 말씀해 주실래요          ,,교내학식,인식하지못함,점심,화요일,인식하지못함
14:58:18,정치외교,아직 공부를 별로 안했어요          말씀 좀 자세히    좀     부탁드립니다       ,,위치,인식하지못함,인식하지못함,인식하지못함,인식하지못함
14:58:22,전율 sns,한국어 너무 어려워요         조금 더 자세히 입력해주세요        ,,sns안내,홍보대사,인식하지못함,인식하지못함,인식하지못함
14:58:22,점심뭐여,이해하기가 힘들어요        조금 더 자세히 입력해주세요        ,,교내학식,인식하지못함,점심,화요일,인식하지못함
14:58:25,정치외교학과,사무실   인문사회관 326호 3층   T 063 270 2934 F 063 270 2935,,학과사무실,정치외교학과,인식하지못함,인식하지못함,인식하지못함
14:58:28,점심이뭐냐고,너무 어려워요                 더 자세히 말씀해주실 수 있나요              ,,교내식당 운영시간,인식하지못함,인식하지못함,인식하지못함,인식하지못함
14:58:37,전대누리 눈,https   www instagram com jbnu1947 ,,sns안내,전북대학교,인식하지못함,인식하지못함,인식하지못함
14:58:40,전율 눈,         무슨 말인지 잘 모르겠어요  조금만 더 쉽게 말해주세요      ,,sns안내,홍보대사,인식하지못함,인식하지못함,인식하지못함
14:58:50,홍보대사 눈,아직 공부를 별로 안했어요          조금 더 자세히 입력해주세요        ,,sns안내,인식하지못함,인식하지못함,인식하지못함,인식하지못함
14:58:56,전율 인스타,https   www instagram com jbnu ambassador ,,sns안내,홍보대사,인식하지못함,인식하지못함,인식하지못함
14:59:35,진수당 점심,진수원 화요일 점심 동태찌개돈사태단호박조림새우까스샐러드느타리숙주무침,,교내학식,진수원,점심,화요일,인식하지못함
15:1:5,상플 위치,이해하기가 힘들어요        조금 더 자세히 입력해주세요        ,,위치,전북대학교 상과대학,인식하지못함,인식하지못함,인식하지못함
15:1:10,상플,너무 짧아요     자세히 좀            ,,교내 공지,인식하지못함,인식하지못함,인식하지못함,인식하지못함
15:1:28,상과대 도서관,http   kko to VMmHLD6Xmz,,위치,전북대학교 상과대학,인식하지못함,인식하지못함,인식하지못함
15:10:54,진수당,한국어 너무 어려워요         말씀 좀 자세히    좀     부탁드립니다       ,,교내 공지,인식하지못함,인식하지못함,인식하지못함,인식하지못함
15:10:58,진수당,한국어 너무 어려워요         조금 더 자세히 입력해주세요        ,,교내 공지,인식하지못함,인식하지못함,인식하지못함,인식하지못함
15:11:0,잔수당 매,이해하기가 힘들어요        더 자세히 말씀해주실 수 있나요              ,,교내 공지,인식하지못함,인식하지못함,인식하지못함,인식하지못함
15:11:5,진수당 메,         무슨 말인지 잘 모르겠어요  더 자세히 말씀해주실 수 있나요              ,,교내학식,진수원,점심,화요일,인식하지못함
15:11:5,안녕,너무 짧아요     자세히 좀            ,,교내 공지,인식하지못함,인식하지못함,인식하지못함,인식하지못함
15:11:8,진수당 메뉴,진수원 화요일 점심 동태찌개돈사태단호박조림새우까스샐러드느타리숙주무침,,교내학식,진수원,점심,화요일,인식하지못함
15:11:9,도북아 안녕,한국어 너무 어려워요         더 자세히 말씀해주실 수 있나요              ,,교내 공지,인식하지못함,인식하지못함,인식하지못함,인식하지못함
15:11:11,하이,조금 더 자세히 말씀해 주실래요      ,,교내 공지,인식하지못함,인식하지못함,인식하지못함,인식하지못함
15:11:42,끝말잇기 시작,2023학년도 1학기 일반대학원 전과 희망자 지원 신청 안내 https   www jbnu ac kr kor  menuID 139 mode view no 51719 제3 4차 JBNU 개발협력 세미나 시리즈  인디코드 청중 신청 안내 보건의료 디지털전환  https   www jbnu ac kr kor  menuID 139 mode view no 51718 2023학년도 1학기 일반대학원 재입학 시행 공고 https   www jbnu ac kr kor  menuID 139 mode view no 51717 2022년 취업성공수기 공모전 참여 안내 졸업예정자 대상  https   www jbnu ac kr kor  menuID 139 mode view no 51716 12월 전대 문화위크   Merry christmas with 로운 https   www jbnu ac kr kor  menuID 139 mode view no 51715  해외어학연수  2022동계방학 및 2023 1학기 해외어학연수 파견학생 추가 선발 안내 https   www jbnu ac kr kor  menuID 139 mode view no 51714 교과목  대학생활과진로설계  대학생활계획서 및 학생지원프로그램 제출기한 연장 안내 12월20일까지  https   www jbnu ac kr kor  menuID 139 mode view no 51713 2023학년도 DB우수인재장학생 동하리9기  모집 안내 https   www jbnu ac kr kor  menuID 139 mode view no 51712  혁교원  2022학년도 독서 인증제 다독상 및 우수 보고서 시상 계획 안내 https   www jbnu ac kr kor  menuID 139 mode view no 51711 ,,교내 공지,인식하지못함,인식하지못함,인식하지못함,인식하지못함
15:31:24,  ,조금 더 자세히 말씀해 주실래요      ,,교내 공지,인식하지못함,인식하지못함,인식하지못함,인식하지못함
15:32:47,도북도북,너무 어려워요                 말씀 좀 자세히    좀     부탁드립니다       ,,교내 공지,인식하지못함,인식하지못함,인식하지못함,인식하지못함
15:32:55,뭐가 어려운지 말해보 ,2023학년도 1학기 일반대학원 전과 희망자 지원 신청 안내 https   www jbnu ac kr kor  menuID 139 mode view no 51719 제3 4차 JBNU 개발협력 세미나 시리즈  인디코드 청중 신청 안내 보건의료 디지털전환  https   www jbnu ac kr kor  menuID 139 mode view no 51718 2023학년도 1학기 일반대학원 재입학 시행 공고 https   www jbnu ac kr kor  menuID 139 mode view no 51717 2022년 취업성공수기 공모전 참여 안내 졸업예정자 대상  https   www jbnu ac kr kor  menuID 139 mode view no 51716 12월 전대 문화위크   Merry christmas with 로운 https   www jbnu ac kr kor  menuID 139 mode view no 51715  해외어학연수  2022동계방학 및 2023 1학기 해외어학연수 파견학생 추가 선발 안내 https   www jbnu ac kr kor  menuID 139 mode view no 51714 교과목  대학생활과진로설계  대학생활계획서 및 학생지원프로그램 제출기한 연장 안내 12월20일까지  https   www jbnu ac kr kor  menuID 139 mode view no 51713 2023학년도 DB우수인재장학생 동하리9기  모집 안내 https   www jbnu ac kr kor  menuID 139 mode view no 51712  혁교원  2022학년도 독서 인증제 다독상 및 우수 보고서 시상 계획 안내 https   www jbnu ac kr kor  menuID 139 mode view no 51711 ,,교내 공지,인식하지못함,인식하지못함,인식하지못함,인식하지못함
15:33:0,진수당 메뉴,진수원 화요일 점심 동태찌개돈사태단호박조림새우까스샐러드느타리숙주무침,,교내학식,진수원,점심,화요일,인식하지못함
15:33:5,이게뭔데 ,아직 공부를 별로 안했어요          조금만 더 쉽게 말해주세요      ,,교내 공지,인식하지못함,인식하지못함,인식하지못함,인식하지못함
15:33:13,금일 진수당 중식 메뉴 보고,진수원 금요일 점심 바지락미역국쇠고기버섯볶음마파두부흑임자드레싱파스타샐러드,,교내학식,진수원,점심,금요일,인식하지못함
15:33:20,공부 좀 해  ,이해하기가 힘들어요        조금 더 자세히 입력해주세요        ,,교내 공지,인식하지못함,인식하지못함,인식하지못함,인식하지못함
15:33:30,나 오늘 종강했다,이해하기가 힘들어요        조금만 더 쉽게 말해주세요      ,,교내식당 운영시간,인식하지못함,인식하지못함,인식하지못함,인식하지못함
15:33:36,종강했다고,한국어 너무 어려워요         말씀 좀 자세히    좀     부탁드립니다       ,,교내 공지,인식하지못함,인식하지못함,인식하지못함,인식하지못함
15:33:54,진수당 석식 메뉴가 뭔지 말하시오,진수원 화요일 저녁 잔치국수돈육김치볶음 찐두부만두탕수육오복채무침,,교내학식,진수원,저녁,화요일,인식하지못함
15:33:54,I finish this semester,너무 어려워요                 조금 더 자세히 입력해주세요        ,,sns안내,인식하지못함,인식하지못함,인식하지못함,인식하지못함
15:34:6,진수당 출입 가능 시간은 ,         무슨 말인지 잘 모르겠어요  더 자세히 말씀해주실 수 있나요              ,,교내식당 운영시간,진수원 운영시간,인식하지못함,인식하지못함,인식하지못함
15:34:9,아,너무 짧아요     자세히 좀            ,,교내 공지,인식하지못함,인식하지못함,인식하지못함,인식하지못함
15:35:31,도북아,아직 공부를 별로 안했어요          더 자세히 말씀해주실 수 있나요              ,,교내 공지,인식하지못함,인식하지못함,인식하지못함,인식하지못함
15:35:37,도북아,         무슨 말인지 잘 모르겠어요  조금만 더 쉽게 말해주세요      ,,교내 공지,인식하지못함,인식하지못함,인식하지못함,인식하지못함
15:35:39,도북아,         무슨 말인지 잘 모르겠어요  더 자세히 말씀해주실 수 있나요              ,,교내 공지,인식하지못함,인식하지못함,인식하지못함,인식하지못함
15:35:41,도북아,너무 어려워요                 조금 더 자세히 입력해주세요        ,,교내 공지,인식하지못함,인식하지못함,인식하지못함,인식하지못함
15:35:42,도북아,         무슨 말인지 잘 모르겠어요  조금 더 자세히 입력해주세요        ,,교내 공지,인식하지못함,인식하지못함,인식하지못함,인식하지못함
15:35:44,도북아,이해하기가 힘들어요        조금만 더 쉽게 말해주세요      ,,교내 공지,인식하지못함,인식하지못함,인식하지못함,인식하지못함
15:35:45,도북아,너무 어려워요                 더 자세히 말씀해주실 수 있나요              ,,교내 공지,인식하지못함,인식하지못함,인식하지못함,인식하지못함
15:35:46,도북아,         무슨 말인지 잘 모르겠어요  말씀 좀 자세히    좀     부탁드립니다       ,,교내 공지,인식하지못함,인식하지못함,인식하지못함,인식하지못함
15:35:48,도북아,너무 어려워요                 조금만 더 쉽게 말해주세요      ,,교내 공지,인식하지못함,인식하지못함,인식하지못함,인식하지못함
15:37:27,도하,조금 더 자세히 말씀해 주실래요      ,,교내 공지,인식하지못함,인식하지못함,인식하지못함,인식하지못함
15:37:33,도북이 하이,         무슨 말인지 잘 모르겠어요  조금 더 자세히 입력해주세요        ,,교내 공지,인식하지못함,인식하지못함,인식하지못함,인식하지못함
15:37:45,너 뭘이해 할수 있는거니,아직 공부를 별로 안했어요          어떤 위치를 찾고있나요  조금 더 자세히 입력해주세요          ,,위치,인식하지못함,인식하지못함,인식하지못함,인식하지못함
15:37:53,도서관,         무슨 말인지 잘 모르겠어요  더 자세히 말씀해주실 수 있나요              ,,교내 공지,인식하지못함,인식하지못함,인식하지못함,인식하지못함
15:38:3,    ,알 수 없는 오류가 발생했어요           화면캡쳐후 전송부탁드려요   2266880 naver com ,,,,,,
15:38:12,꼬북이,너무 어려워요                 말씀 좀 자세히    좀     부탁드립니다       ,,교내 공지,인식하지못함,인식하지못함,인식하지못함,인식하지못함
15:40:56,무슨 말 할줄알아 ,2023학년도 1학기 일반대학원 전과 희망자 지원 신청 안내 https   www jbnu ac kr kor  menuID 139 mode view no 51719 제3 4차 JBNU 개발협력 세미나 시리즈  인디코드 청중 신청 안내 보건의료 디지털전환  https   www jbnu ac kr kor  menuID 139 mode view no 51718 2023학년도 1학기 일반대학원 재입학 시행 공고 https   www jbnu ac kr kor  menuID 139 mode view no 51717 2022년 취업성공수기 공모전 참여 안내 졸업예정자 대상  https   www jbnu ac kr kor  menuID 139 mode view no 51716 12월 전대 문화위크   Merry christmas with 로운 https   www jbnu ac kr kor  menuID 139 mode view no 51715  해외어학연수  2022동계방학 및 2023 1학기 해외어학연수 파견학생 추가 선발 안내 https   www jbnu ac kr kor  menuID 139 mode view no 51714 교과목  대학생활과진로설계  대학생활계획서 및 학생지원프로그램 제출기한 연장 안내 12월20일까지  https   www jbnu ac kr kor  menuID 139 mode view no 51713 2023학년도 DB우수인재장학생 동하리9기  모집 안내 https   www jbnu ac kr kor  menuID 139 mode view no 51712  혁교원  2022학년도 독서 인증제 다독상 및 우수 보고서 시상 계획 안내 https   www jbnu ac kr kor  menuID 139 mode view no 51711 ,,교내 공지,인식하지못함,인식하지못함,인식하지못함,인식하지못함
15:41:2,그만해,아직 공부를 별로 안했어요          말씀 좀 자세히    좀     부탁드립니다       ,,교내 공지,인식하지못함,인식하지못함,인식하지못함,인식하지못함
16:11:27,도북이네 과사는 ,너무 어려워요                 혹시 학과사무실 정보를 찾으시나요  조금 더 자세히 입력해주세요        ,,학과사무실,인식하지못함,인식하지못함,인식하지못함,인식하지못함
17:13:5,전율 sns,         무슨 말인지 잘 모르겠어요  더 자세히 말씀해주실 수 있나요              ,,sns안내,홍보대사,인식하지못함,인식하지못함,인식하지못함
17:48:3,유소파 과사는 ,사무실   공대2호관 314호 T 063 270 2349 F 063 270 2348,,학과사무실,유기소재섬유공학,인식하지못함,인식하지못함,인식하지못함
17:48:12,유소섬 과사는 ,한국어 너무 어려워요         혹시 학과사무실 정보를 찾으시나요  조금 더 자세히 입력해주세요        ,,학과사무실,인식하지못함,인식하지못함,인식하지못함,인식하지못함
17:49:27,오늘 진수당,진수원 화요일 저녁 잔치국수돈육김치볶음 찐두부만두탕수육오복채무침,,교내학식,진수원,저녁,화요일,인식하지못함
17:49:42,의대식당,너무 어려워요                 더 자세히 말씀해주실 수 있나요              ,,교내 공지,인식하지못함,인식하지못함,인식하지못함,인식하지못함
17:49:47,오늘 의대식당 학식,한국어 너무 어려워요         조금만 더 쉽게 말해주세요      ,,교내식당 운영시간,인식하지못함,인식하지못함,인식하지못함,인식하지못함
17:49:54,후생관,너무 어려워요                 말씀 좀 자세히    좀     부탁드립니다       ,,교내학식,후생관,전체,화요일,인식하지못함
17:50:1,후생관 학식,         무슨 말인지 잘 모르겠어요  더 자세히 말씀해주실 수 있나요              ,,교내학식,후생관,전체,화요일,인식하지못함
17:50:37,인스타,         무슨 말인지 잘 모르겠어요  조금만 더 쉽게 말해주세요      ,,sns안내,인식하지못함,인식하지못함,인식하지못함,인식하지못함
17:50:52,공지사항,2023학년도 1학기 일반대학원 전과 희망자 지원 신청 안내 https   www jbnu ac kr kor  menuID 139 mode view no 51719 제3 4차 JBNU 개발협력 세미나 시리즈  인디코드 청중 신청 안내 보건의료 디지털전환  https   www jbnu ac kr kor  menuID 139 mode view no 51718 2023학년도 1학기 일반대학원 재입학 시행 공고 https   www jbnu ac kr kor  menuID 139 mode view no 51717 2022년 취업성공수기 공모전 참여 안내 졸업예정자 대상  https   www jbnu ac kr kor  menuID 139 mode view no 51716 12월 전대 문화위크   Merry christmas with 로운 https   www jbnu ac kr kor  menuID 139 mode view no 51715  해외어학연수  2022동계방학 및 2023 1학기 해외어학연수 파견학생 추가 선발 안내 https   www jbnu ac kr kor  menuID 139 mode view no 51714 교과목  대학생활과진로설계  대학생활계획서 및 학생지원프로그램 제출기한 연장 안내 12월20일까지  https   www jbnu ac kr kor  menuID 139 mode view no 51713 2023학년도 DB우수인재장학생 동하리9기  모집 안내 https   www jbnu ac kr kor  menuID 139 mode view no 51712  혁교원  2022학년도 독서 인증제 다독상 및 우수 보고서 시상 계획 안내 https   www jbnu ac kr kor  menuID 139 mode view no 51711 ,,교내 공지,인식하지못함,인식하지못함,인식하지못함,인식하지못함
17:51:35,중도 편의점,너무 어려워요                 조금만 더 쉽게 말해주세요      ,,위치,전북대학교 중앙도서관,인식하지못함,인식하지못함,인식하지못함
17:51:39,편의점,너무 어려워요                 더 자세히 말씀해주실 수 있나요              ,,교내 공지,인식하지못함,인식하지못함,인식하지못함,인식하지못함
17:51:44,편의점 운영시간,아직 공부를 별로 안했어요          더 자세히 말씀해주실 수 있나요              ,,위치,인식하지못함,인식하지못함,인식하지못함,인식하지못함
17:52:50,도북아,이해하기가 힘들어요        조금만 더 쉽게 말해주세요      ,,교내 공지,인식하지못함,인식하지못함,인식하지못함,인식하지못함
17:52:54,안뇽,조금 더 자세히 말씀해 주실래요      ,,교내 공지,인식하지못함,인식하지못함,인식하지못함,인식하지못함
17:53:9,도북아 머해 ,2023학년도 1학기 일반대학원 전과 희망자 지원 신청 안내 https   www jbnu ac kr kor  menuID 139 mode view no 51719 제3 4차 JBNU 개발협력 세미나 시리즈  인디코드 청중 신청 안내 보건의료 디지털전환  https   www jbnu ac kr kor  menuID 139 mode view no 51718 2023학년도 1학기 일반대학원 재입학 시행 공고 https   www jbnu ac kr kor  menuID 139 mode view no 51717 2022년 취업성공수기 공모전 참여 안내 졸업예정자 대상  https   www jbnu ac kr kor  menuID 139 mode view no 51716 12월 전대 문화위크   Merry christmas with 로운 https   www jbnu ac kr kor  menuID 139 mode view no 51715  해외어학연수  2022동계방학 및 2023 1학기 해외어학연수 파견학생 추가 선발 안내 https   www jbnu ac kr kor  menuID 139 mode view no 51714 교과목  대학생활과진로설계  대학생활계획서 및 학생지원프로그램 제출기한 연장 안내 12월20일까지  https   www jbnu ac kr kor  menuID 139 mode view no 51713 2023학년도 DB우수인재장학생 동하리9기  모집 안내 https   www jbnu ac kr kor  menuID 139 mode view no 51712  혁교원  2022학년도 독서 인증제 다독상 및 우수 보고서 시상 계획 안내 https   www jbnu ac kr kor  menuID 139 mode view no 51711 ,,교내 공지,인식하지못함,인식하지못함,인식하지못함,인식하지못함
18:3:24,도북아 머해 ,2023학년도 1학기 일반대학원 전과 희망자 지원 신청 안내 https   www jbnu ac kr kor  menuID 139 mode view no 51719 제3 4차 JBNU 개발협력 세미나 시리즈  인디코드 청중 신청 안내 보건의료 디지털전환  https   www jbnu ac kr kor  menuID 139 mode view no 51718 2023학년도 1학기 일반대학원 재입학 시행 공고 https   www jbnu ac kr kor  menuID 139 mode view no 51717 2022년 취업성공수기 공모전 참여 안내 졸업예정자 대상  https   www jbnu ac kr kor  menuID 139 mode view no 51716 12월 전대 문화위크   Merry christmas with 로운 https   www jbnu ac kr kor  menuID 139 mode view no 51715  해외어학연수  2022동계방학 및 2023 1학기 해외어학연수 파견학생 추가 선발 안내 https   www jbnu ac kr kor  menuID 139 mode view no 51714 교과목  대학생활과진로설계  대학생활계획서 및 학생지원프로그램 제출기한 연장 안내 12월20일까지  https   www jbnu ac kr kor  menuID 139 mode view no 51713 2023학년도 DB우수인재장학생 동하리9기  모집 안내 https   www jbnu ac kr kor  menuID 139 mode view no 51712  혁교원  2022학년도 독서 인증제 다독상 및 우수 보고서 시상 계획 안내 https   www jbnu ac kr kor  menuID 139 mode view no 51711 ,,교내 공지,인식하지못함,인식하지못함,인식하지못함,인식하지못함
18:3:27,뭐해 ,2023학년도 1학기 일반대학원 전과 희망자 지원 신청 안내 https   www jbnu ac kr kor  menuID 139 mode view no 51719 제3 4차 JBNU 개발협력 세미나 시리즈  인디코드 청중 신청 안내 보건의료 디지털전환  https   www jbnu ac kr kor  menuID 139 mode view no 51718 2023학년도 1학기 일반대학원 재입학 시행 공고 https   www jbnu ac kr kor  menuID 139 mode view no 51717 2022년 취업성공수기 공모전 참여 안내 졸업예정자 대상  https   www jbnu ac kr kor  menuID 139 mode view no 51716 12월 전대 문화위크   Merry christmas with 로운 https   www jbnu ac kr kor  menuID 139 mode view no 51715  해외어학연수  2022동계방학 및 2023 1학기 해외어학연수 파견학생 추가 선발 안내 https   www jbnu ac kr kor  menuID 139 mode view no 51714 교과목  대학생활과진로설계  대학생활계획서 및 학생지원프로그램 제출기한 연장 안내 12월20일까지  https   www jbnu ac kr kor  menuID 139 mode view no 51713 2023학년도 DB우수인재장학생 동하리9기  모집 안내 https   www jbnu ac kr kor  menuID 139 mode view no 51712  혁교원  2022학년도 독서 인증제 다독상 및 우수 보고서 시상 계획 안내 https   www jbnu ac kr kor  menuID 139 mode view no 51711 ,,교내 공지,인식하지못함,인식하지못함,인식하지못함,인식하지못함
18:3:30,뭐하지 ,2023학년도 1학기 일반대학원 전과 희망자 지원 신청 안내 https   www jbnu ac kr kor  menuID 139 mode view no 51719 제3 4차 JBNU 개발협력 세미나 시리즈  인디코드 청중 신청 안내 보건의료 디지털전환  https   www jbnu ac kr kor  menuID 139 mode view no 51718 2023학년도 1학기 일반대학원 재입학 시행 공고 https   www jbnu ac kr kor  menuID 139 mode view no 51717 2022년 취업성공수기 공모전 참여 안내 졸업예정자 대상  https   www jbnu ac kr kor  menuID 139 mode view no 51716 12월 전대 문화위크   Merry christmas with 로운 https   www jbnu ac kr kor  menuID 139 mode view no 51715  해외어학연수  2022동계방학 및 2023 1학기 해외어학연수 파견학생 추가 선발 안내 https   www jbnu ac kr kor  menuID 139 mode view no 51714 교과목  대학생활과진로설계  대학생활계획서 및 학생지원프로그램 제출기한 연장 안내 12월20일까지  https   www jbnu ac kr kor  menuID 139 mode view no 51713 2023학년도 DB우수인재장학생 동하리9기  모집 안내 https   www jbnu ac kr kor  menuID 139 mode view no 51712  혁교원  2022학년도 독서 인증제 다독상 및 우수 보고서 시상 계획 안내 https   www jbnu ac kr kor  menuID 139 mode view no 51711 ,,교내 공지,인식하지못함,인식하지못함,인식하지못함,인식하지못함
18:3:40,도북아 공지,너무 어려워요                 조금 더 자세히 입력해주세요        ,,교내 공지,인식하지못함,인식하지못함,인식하지못함,인식하지못함
18:3:41,교내학식,2023학년도 1학기 일반대학원 전과 희망자 지원 신청 안내 https   www jbnu ac kr kor  menuID 139 mode view no 51719 제3 4차 JBNU 개발협력 세미나 시리즈  인디코드 청중 신청 안내 보건의료 디지털전환  https   www jbnu ac kr kor  menuID 139 mode view no 51718 2023학년도 1학기 일반대학원 재입학 시행 공고 https   www jbnu ac kr kor  menuID 139 mode view no 51717 2022년 취업성공수기 공모전 참여 안내 졸업예정자 대상  https   www jbnu ac kr kor  menuID 139 mode view no 51716 12월 전대 문화위크   Merry christmas with 로운 https   www jbnu ac kr kor  menuID 139 mode view no 51715  해외어학연수  2022동계방학 및 2023 1학기 해외어학연수 파견학생 추가 선발 안내 https   www jbnu ac kr kor  menuID 139 mode view no 51714 교과목  대학생활과진로설계  대학생활계획서 및 학생지원프로그램 제출기한 연장 안내 12월20일까지  https   www jbnu ac kr kor  menuID 139 mode view no 51713 2023학년도 DB우수인재장학생 동하리9기  모집 안내 https   www jbnu ac kr kor  menuID 139 mode view no 51712  혁교원  2022학년도 독서 인증제 다독상 및 우수 보고서 시상 계획 안내 https   www jbnu ac kr kor  menuID 139 mode view no 51711 ,,교내 공지,인식하지못함,인식하지못함,인식하지못함,인식하지못함
18:3:43,공지,조금 더 길게 말씀해 주실래요          ,,교내 공지,인식하지못함,인식하지못함,인식하지못함,인식하지못함
18:3:45,참빛밥,참빛관 화요일 저녁 쌀밥 배추된장국 계란장조림 깐마늘절임 도토리묵 양념장 김치  일품식  하이라이스 유부장국 버터갈릭감자튀김 단무지 김치,,교내학식,참빛관,저녁,화요일,인식하지못함
18:3:47,공지사항,2023학년도 1학기 일반대학원 전과 희망자 지원 신청 안내 https   www jbnu ac kr kor  menuID 139 mode view no 51719 제3 4차 JBNU 개발협력 세미나 시리즈  인디코드 청중 신청 안내 보건의료 디지털전환  https   www jbnu ac kr kor  menuID 139 mode view no 51718 2023학년도 1학기 일반대학원 재입학 시행 공고 https   www jbnu ac kr kor  menuID 139 mode view no 51717 2022년 취업성공수기 공모전 참여 안내 졸업예정자 대상  https   www jbnu ac kr kor  menuID 139 mode view no 51716 12월 전대 문화위크   Merry christmas with 로운 https   www jbnu ac kr kor  menuID 139 mode view no 51715  해외어학연수  2022동계방학 및 2023 1학기 해외어학연수 파견학생 추가 선발 안내 https   www jbnu ac kr kor  menuID 139 mode view no 51714 교과목  대학생활과진로설계  대학생활계획서 및 학생지원프로그램 제출기한 연장 안내 12월20일까지  https   www jbnu ac kr kor  menuID 139 mode view no 51713 2023학년도 DB우수인재장학생 동하리9기  모집 안내 https   www jbnu ac kr kor  menuID 139 mode view no 51712  혁교원  2022학년도 독서 인증제 다독상 및 우수 보고서 시상 계획 안내 https   www jbnu ac kr kor  menuID 139 mode view no 51711 ,,교내 공지,인식하지못함,인식하지못함,인식하지못함,인식하지못함
18:3:50,공지,조금 더 자세히 말씀해 주실래요      ,,교내 공지,인식하지못함,인식하지못함,인식하지못함,인식하지못함
18:3:50,오늘메뉴,한국어 너무 어려워요         혹시 학식을 찾고계신가요  어떤 식당인지도 알려주실래요            ,,교내학식,인식하지못함,저녁,화요일,인식하지못함
18:3:52,학교 공지,너무 어려워요                 조금 더 자세히 입력해주세요        ,,교내 공지,인식하지못함,인식하지못함,인식하지못함,인식하지못함
18:3:55,오늘점심,         무슨 말인지 잘 모르겠어요  혹시 학식을 찾고계신가요  어떤 식당인지도 알려주실래요            ,,교내학식,인식하지못함,점심,화요일,인식하지못함
18:3:56,장학금 받고싶어,2023학년도 1학기 일반대학원 전과 희망자 지원 신청 안내 https   www jbnu ac kr kor  menuID 139 mode view no 51719 제3 4차 JBNU 개발협력 세미나 시리즈  인디코드 청중 신청 안내 보건의료 디지털전환  https   www jbnu ac kr kor  menuID 139 mode view no 51718 2023학년도 1학기 일반대학원 재입학 시행 공고 https   www jbnu ac kr kor  menuID 139 mode view no 51717 2022년 취업성공수기 공모전 참여 안내 졸업예정자 대상  https   www jbnu ac kr kor  menuID 139 mode view no 51716 12월 전대 문화위크   Merry christmas with 로운 https   www jbnu ac kr kor  menuID 139 mode view no 51715  해외어학연수  2022동계방학 및 2023 1학기 해외어학연수 파견학생 추가 선발 안내 https   www jbnu ac kr kor  menuID 139 mode view no 51714 교과목  대학생활과진로설계  대학생활계획서 및 학생지원프로그램 제출기한 연장 안내 12월20일까지  https   www jbnu ac kr kor  menuID 139 mode view no 51713 2023학년도 DB우수인재장학생 동하리9기  모집 안내 https   www jbnu ac kr kor  menuID 139 mode view no 51712  혁교원  2022학년도 독서 인증제 다독상 및 우수 보고서 시상 계획 안내 https   www jbnu ac kr kor  menuID 139 mode view no 51711 ,,교내 공지,인식하지못함,인식하지못함,인식하지못함,인식하지못함
18:4:4,오늘점심밥,너무 어려워요                 혹시 학식을 찾고계신가요  어떤 식당인지도 알려주실래요            ,,교내학식,인식하지못함,점심,화요일,인식하지못함
18:4:6,학사공지,2023학년도 1학기 일반대학원 전과 희망자 지원 신청 안내 https   www jbnu ac kr kor  menuID 139 mode view no 51719 제3 4차 JBNU 개발협력 세미나 시리즈  인디코드 청중 신청 안내 보건의료 디지털전환  https   www jbnu ac kr kor  menuID 139 mode view no 51718 2023학년도 1학기 일반대학원 재입학 시행 공고 https   www jbnu ac kr kor  menuID 139 mode view no 51717 2022년 취업성공수기 공모전 참여 안내 졸업예정자 대상  https   www jbnu ac kr kor  menuID 139 mode view no 51716 12월 전대 문화위크   Merry christmas with 로운 https   www jbnu ac kr kor  menuID 139 mode view no 51715  해외어학연수  2022동계방학 및 2023 1학기 해외어학연수 파견학생 추가 선발 안내 https   www jbnu ac kr kor  menuID 139 mode view no 51714 교과목  대학생활과진로설계  대학생활계획서 및 학생지원프로그램 제출기한 연장 안내 12월20일까지  https   www jbnu ac kr kor  menuID 139 mode view no 51713 2023학년도 DB우수인재장학생 동하리9기  모집 안내 https   www jbnu ac kr kor  menuID 139 mode view no 51712  혁교원  2022학년도 독서 인증제 다독상 및 우수 보고서 시상 계획 안내 https   www jbnu ac kr kor  menuID 139 mode view no 51711 ,,교내 공지,인식하지못함,인식하지못함,인식하지못함,인식하지못함
18:4:9,학사일정,2023학년도 1학기 일반대학원 전과 희망자 지원 신청 안내 https   www jbnu ac kr kor  menuID 139 mode view no 51719 제3 4차 JBNU 개발협력 세미나 시리즈  인디코드 청중 신청 안내 보건의료 디지털전환  https   www jbnu ac kr kor  menuID 139 mode view no 51718 2023학년도 1학기 일반대학원 재입학 시행 공고 https   www jbnu ac kr kor  menuID 139 mode view no 51717 2022년 취업성공수기 공모전 참여 안내 졸업예정자 대상  https   www jbnu ac kr kor  menuID 139 mode view no 51716 12월 전대 문화위크   Merry christmas with 로운 https   www jbnu ac kr kor  menuID 139 mode view no 51715  해외어학연수  2022동계방학 및 2023 1학기 해외어학연수 파견학생 추가 선발 안내 https   www jbnu ac kr kor  menuID 139 mode view no 51714 교과목  대학생활과진로설계  대학생활계획서 및 학생지원프로그램 제출기한 연장 안내 12월20일까지  https   www jbnu ac kr kor  menuID 139 mode view no 51713 2023학년도 DB우수인재장학생 동하리9기  모집 안내 https   www jbnu ac kr kor  menuID 139 mode view no 51712  혁교원  2022학년도 독서 인증제 다독상 및 우수 보고서 시상 계획 안내 https   www jbnu ac kr kor  menuID 139 mode view no 51711 ,,교내 공지,인식하지못함,인식하지못함,인식하지못함,인식하지못함
18:4:18,참빛점심,참빛관 화요일 점심 쌀밥 어묵국 모듬장조림 쥐어채볶음 다시마튀각 김치  누들식  오징어짬뽕 감자고로케 케찹 단무지무침 김치,,교내학식,참빛관,점심,화요일,인식하지못함
18:6:20,도북아 편의점 몇시까지야 ,이해하기가 힘들어요        더 자세히 말씀해주실 수 있나요              ,,교내 공지,인식하지못함,인식하지못함,인식하지못함,인식하지못함
18:6:37,편의잠 언제 열어 ,너무 어려워요                 어떤 위치를 찾고있나요  조금 더 자세히 입력해주세요          ,,위치,인식하지못함,인식하지못함,인식하지못함,인식하지못함
18:6:47,편의점  언제열어  ,         무슨 말인지 잘 모르겠어요  조금 더 자세히 입력해주세요        ,,위치,인식하지못함,인식하지못함,인식하지못함,인식하지못함
18:6:55,편의점,이해하기가 힘들어요        더 자세히 말씀해주실 수 있나요              ,,교내 공지,인식하지못함,인식하지못함,인식하지못함,인식하지못함
18:7:42,Sns 뭐있어 ,너무 어려워요                 조금만 더 쉽게 말해주세요      ,,교내 공지,인식하지못함,인식하지못함,인식하지못함,인식하지못함
18:7:58,학교식당 몇시까지얌 ,아직 공부를 별로 안했어요          말씀 좀 자세히    좀     부탁드립니다       ,,교내 공지,인식하지못함,인식하지못함,인식하지못함,인식하지못함
18:15:49,뭐라,조금 더 자세히 말씀해 주실래요      ,,교내 공지,인식하지못함,인식하지못함,인식하지못함,인식하지못함
18:15:51,말해야돼 ,2023학년도 1학기 일반대학원 전과 희망자 지원 신청 안내 https   www jbnu ac kr kor  menuID 139 mode view no 51719 제3 4차 JBNU 개발협력 세미나 시리즈  인디코드 청중 신청 안내 보건의료 디지털전환  https   www jbnu ac kr kor  menuID 139 mode view no 51718 2023학년도 1학기 일반대학원 재입학 시행 공고 https   www jbnu ac kr kor  menuID 139 mode view no 51717 2022년 취업성공수기 공모전 참여 안내 졸업예정자 대상  https   www jbnu ac kr kor  menuID 139 mode view no 51716 12월 전대 문화위크   Merry christmas with 로운 https   www jbnu ac kr kor  menuID 139 mode view no 51715  해외어학연수  2022동계방학 및 2023 1학기 해외어학연수 파견학생 추가 선발 안내 https   www jbnu ac kr kor  menuID 139 mode view no 51714 교과목  대학생활과진로설계  대학생활계획서 및 학생지원프로그램 제출기한 연장 안내 12월20일까지  https   www jbnu ac kr kor  menuID 139 mode view no 51713 2023학년도 DB우수인재장학생 동하리9기  모집 안내 https   www jbnu ac kr kor  menuID 139 mode view no 51712  혁교원  2022학년도 독서 인증제 다독상 및 우수 보고서 시상 계획 안내 https   www jbnu ac kr kor  menuID 139 mode view no 51711 ,,교내 공지,인식하지못함,인식하지못함,인식하지못함,인식하지못함
18:23:28,방학 어떻게 지내야 잘 지낼 수 있을까요 ,너무 어려워요                 혹시 SNS를 검색하시나요  조금 더 자세히 입력해주세요      ,,sns안내,인식하지못함,인식하지못함,인식하지못함,인식하지못함
18:23:31,이런,조금 더 자세히 말씀해 주실래요      ,,교내 공지,인식하지못함,인식하지못함,인식하지못함,인식하지못함
18:23:34,망할,조금 더 자세히 말씀해 주실래요      ,,교내 공지,인식하지못함,인식하지못함,인식하지못함,인식하지못함
18:34:28,학식메뉴,너무 어려워요                 혹시 학식을 찾고계신가요  어떤 식당인지도 알려주실래요            ,,교내학식,인식하지못함,저녁,화요일,인식하지못함
18:34:50,창의과네,아직 공부를 별로 안했어요          혹시 학과사무실 정보를 찾으시나요  조금 더 자세히 입력해주세요        ,,학과사무실,인식하지못함,인식하지못함,인식하지못함,인식하지못함
23:21:55,Sns알려줘,알 수 없는 오류가 발생했어요           화면캡쳐후 전송부탁드려요   2266880 naver com ,,,,,,
23:22:32,참빛 밥,참빛관 화요일 저녁 쌀밥 배추된장국 계란장조림 깐마늘절임 도토리묵 양념장 김치  일품식  하이라이스 유부장국 버터갈릭감자튀김 단무지 김치,,교내학식,참빛관,저녁,화요일,인식하지못함
23:22:39,전율 sns,https   www instagram com jbnu ambassador ,,sns안내,홍보대사,인식하지못함,인식하지못함,인식하지못함
23:24:10,Sns알려주라,알 수 없는 오류가 발생했어요           화면캡쳐후 전송부탁드려요   2266880 naver com ,,,,,,
23:24:56,후생관 학식,화요일 후생관 메뉴 찌개 운영없음 돌솥 불닭마요돌솥 특 식 바싹불고기김치덮밥 고정메뉴 분식 생협김밥  참치마요김밥  유부우동  꼬지우동  김치우동  김밥우동세트 라면 신라면  치즈라면  순두부열라면  짜계치  라면정식  라면김밥세트   요일별 샐러드 양식 월  금    소시지오므라이스화     새우튀김오므라이스 수    통등심돈까스  치즈돈까스목    스페셜오므라이스 ,,교내학식,후생관,전체,화요일,인식하지못함
23:25:4,공대 6호관 어딨어,http   kko to F Cagbfp39,,위치,전북대학교 공과대학,인식하지못함,인식하지못함,6호관
23:25:12,오 고마워,이해하기가 힘들어요        어떤 위치를 찾고있나요  조금 더 자세히 입력해주세요          ,,위치,인식하지못함,인식하지못함,인식하지못함,인식하지못함
23:25:38,Sns알려줘,알 수 없는 오류가 발생했어요           화면캡쳐후 전송부탁드려요   2266880 naver com ,,,,,,
23:26:30,Sns안내,알 수 없는 오류가 발생했어요           화면캡쳐후 전송부탁드려요   2266880 naver com ,,,,,,
23:27:54,Sns안내,알 수 없는 오류가 발생했어요           화면캡쳐후 전송부탁드려요   2266880 naver com ,,,,,,
23:31:53,Sns 안내,알 수 없는 오류가 발생했어요           화면캡쳐후 전송부탁드려요   2266880 naver com ,,,,,,
23:35:16,챗봇 사용법 ,알 수 없는 오류가 발생했어요           화면캡쳐후 전송부탁드려요   2266880 naver com ,,,,,,
23:37:29,Sns안내,알 수 없는 오류가 발생했어요           화면캡쳐후 전송부탁드려요   2266880 naver com ,,,,,,
23:38:48,sns안내,알 수 없는 오류가 발생했어요           화면캡쳐후 전송부탁드려요   2266880 naver com ,,,,,,
23:39:49,sns안나 ,알 수 없는 오류가 발생했어요           화면캡쳐후 전송부탁드려요   2266880 naver com ,,,,,,
23:39:59,sns알려줘,알 수 없는 오류가 발생했어요           화면캡쳐후 전송부탁드려요   2266880 naver com ,,,,,,
23:41:39,sns알려줄래,알 수 없는 오류가 발생했어요           화면캡쳐후 전송부탁드려요   2266880 naver com ,,,,,,
23:43:29,sns알려줄래,알 수 없는 오류가 발생했어요           화면캡쳐후 전송부탁드려요   2266880 naver com ,,,,,,
23:43:42,만든사람들 ,알 수 없는 오류가 발생했어요           화면캡쳐후 전송부탁드려요   2266880 naver com ,,,,,,
23:43:45,만든 사람들 ,알 수 없는 오류가 발생했어요           화면캡쳐후 전송부탁드려요   2266880 naver com ,,,,,,
23:43:51,만든사람들 ,알 수 없는 오류가 발생했어요           화면캡쳐후 전송부탁드려요   2266880 naver com ,,,,,,
23:43:54,안혜선 ,알 수 없는 오류가 발생했어요           화면캡쳐후 전송부탁드려요   2266880 naver com ,,,,,,
23:43:56,혜선이 ,알 수 없는 오류가 발생했어요           화면캡쳐후 전송부탁드려요   2266880 naver com ,,,,,,
23:43:57,sns알려줄래,알 수 없는 오류가 발생했어요           화면캡쳐후 전송부탁드려요   2266880 naver com ,,,,,,
23:44:3,후생관 학식 ,알 수 없는 오류가 발생했어요           화면캡쳐후 전송부탁드려요   2266880 naver com ,,,,,,
23:44:9,후생관 학식 메뉴 ,알 수 없는 오류가 발생했어요           화면캡쳐후 전송부탁드려요   2266880 naver com ,,,,,,
23:44:16,후생관 밥,알 수 없는 오류가 발생했어요           화면캡쳐후 전송부탁드려요   2266880 naver com ,,,,,,
23:44:22,후생관 점심,알 수 없는 오류가 발생했어요           화면캡쳐후 전송부탁드려요   2266880 naver com ,,,,,,
23:44:55,후생관,알 수 없는 오류가 발생했어요           화면캡쳐후 전송부탁드려요   2266880 naver com ,,,,,,
23:45:4,진수당,알 수 없는 오류가 발생했어요           화면캡쳐후 전송부탁드려요   2266880 naver com ,,,,,,
23:46:7,후생관 점심 알려줘,알 수 없는 오류가 발생했어요           화면캡쳐후 전송부탁드려요   2266880 naver com ,,,,,,
23:47:13,후생관 메뉴 뭐야  ,알 수 없는 오류가 발생했어요           화면캡쳐후 전송부탁드려요   2266880 naver com ,,,,,,
23:47:23,후생관 점심 뭐야  ,알 수 없는 오류가 발생했어요           화면캡쳐후 전송부탁드려요   2266880 naver com ,,,,,,
23:47:33,진수당 메뉴,알 수 없는 오류가 발생했어요           화면캡쳐후 전송부탁드려요   2266880 naver com ,,,,,,
23:48:5,후생관 점심 알려줘,알 수 없는 오류가 발생했어요           화면캡쳐후 전송부탁드려요   2266880 naver com ,,,,,,
23:49:39,공지사항,알 수 없는 오류가 발생했어요           화면캡쳐후 전송부탁드려요   2266880 naver com ,,,,,,
23:49:44,공지사항 알려줘,알 수 없는 오류가 발생했어요           화면캡쳐후 전송부탁드려요   2266880 naver com ,,,,,,
23:50:48,후생관 밥,알 수 없는 오류가 발생했어요           화면캡쳐후 전송부탁드려요   2266880 naver com ,,,,,,
23:52:58,후생관 밥,알 수 없는 오류가 발생했어요           화면캡쳐후 전송부탁드려요   2266880 naver com ,,,,,,
23:54:8,후생관 밥,화요일 후생관 메뉴 찌개 운영없음 돌솥 불닭마요돌솥 특 식 바싹불고기김치덮밥 고정메뉴 분식 생협김밥  참치마요김밥  유부우동  꼬지우동  김치우동  김밥우동세트 라면 신라면  치즈라면  순두부열라면  짜계치  라면정식  라면김밥세트   요일별 샐러드 양식 월  금    소시지오므라이스화     새우튀김오므라이스 수    통등심돈까스  치즈돈까스목    스페셜오므라이스 ,,교내학식,후생관,전체,화요일,인식하지못함
23:54:19,sns안내,총학생회instagram https   www instagram com jbnu ch   총동아리연합회instagram https   www instagram com jbnu dong   홍보대사instagram https   www instagram com jbnu ambassador   전북대학교instagram https   www instagram com jbnu1947   ,,sns안내,전체,인식하지못함,인식하지못함,인식하지못함
23:55:10,sns안내,총학생회instagram https   www instagram com jbnu ch   총동아리연합회instagram https   www instagram com jbnu dong   홍보대사instagram https   www instagram com jbnu ambassador   전북대학교instagram https   www instagram com jbnu1947   ,,sns안내,전체,인식하지못함,인식하지못함,인식하지못함
23:55:12,후생관 내일 메뉴,수요일 후생관 메뉴 찌개 삼겹살김치찌개 계란후라이 돌솥 운영없음 특 식 베이컨참치볶음밥 순살돈까스 고정메뉴 분식 생협김밥  참치마요김밥  유부우동  꼬지우동  김치우동  김밥우동세트 라면 신라면  치즈라면  순두부열라면  짜계치  라면정식  라면김밥세트   요일별 샐러드 양식 월  금    소시지오므라이스화     새우튀김오므라이스 수    통등심돈까스  치즈돈까스목    스페셜오므라이스 ,,교내학식,후생관,전체,수요일,인식하지못함
23:55:34,도Z아 젠수당,이해하기가 힘들어요        조금 더 자세히 입력해주세요        ,,sns안내,전체,인식하지못함,인식하지못함,인식하지못함
23:55:37,도북아 진수당 매뉴,진수원 화요일 저녁 잔치국수돈육김치볶음 찐두부만두탕수육오복채무침,,교내학식,진수원,저녁,화요일,인식하지못함
23:55:45,도북아 진수원,진수원 화요일 저녁 잔치국수돈육김치볶음 찐두부만두탕수육오복채무침,,교내학식,진수원,저녁,화요일,인식하지못함
23:55:47,진수원,진수원 화요일 저녁 잔치국수돈육김치볶음 찐두부만두탕수육오복채무침,,교내학식,진수원,저녁,화요일,인식하지못함
23:55:50,후생,조금 더 길게 말씀해 주실래요          ,,교내학식,인식하지못함,저녁,화요일,인식하지못함
23:55:53,후생   ,이해하기가 힘들어요        혹시 학식을 찾고계신가요  어떤 식당인지도 알려주실래요            ,,교내학식,인식하지못함,저녁,화요일,인식하지못함
23:55:58,후생관,화요일 후생관 메뉴 찌개 운영없음 돌솥 불닭마요돌솥 특 식 바싹불고기김치덮밥 고정메뉴 분식 생협김밥  참치마요김밥  유부우동  꼬지우동  김치우동  김밥우동세트 라면 신라면  치즈라면  순두부열라면  짜계치  라면정식  라면김밥세트   요일별 샐러드 양식 월  금    소시지오므라이스화     새우튀김오므라이스 수    통등심돈까스  치즈돈까스목    스페셜오므라이스 ,,교내학식,후생관,전체,화요일,인식하지못함
23:56:0,   ,화요일 후생관 메뉴 찌개 운영없음 돌솥 불닭마요돌솥 특 식 바싹불고기김치덮밥 고정메뉴 분식 생협김밥  참치마요김밥  유부우동  꼬지우동  김치우동  김밥우동세트 라면 신라면  치즈라면  순두부열라면  짜계치  라면정식  라면김밥세트   요일별 샐러드 양식 월  금    소시지오므라이스화     새우튀김오므라이스 수    통등심돈까스  치즈돈까스목    스페셜오므라이스 ,,교내학식,후생관,전체,화요일,인식하지못함
23:56:2,진수당,진수원 화요일 저녁 잔치국수돈육김치볶음 찐두부만두탕수육오복채무침,,교내학식,진수원,저녁,화요일,인식하지못함
23:56:6,진수원 점심,진수원 화요일 점심 동태찌개돈사태단호박조림새우까스샐러드느타리숙주무침,,교내학식,진수원,점심,화요일,인식하지못함
23:56:30,도북아, 공학교육혁신센터  특허 실무 특강 개최 안내 12 21 수 까지 모집  https   www jbnu ac kr kor  menuID 139 mode view no 51728 융합학부 예술융합창작프로젝트 작품 전시 안내 https   www jbnu ac kr kor  menuID 139 mode view no 51727  제주대학교  대학원생이 알아야 하는 연구저해 사례 및 발생 시 대응법 특강 https   www jbnu ac kr kor  menuID 139 mode view no 51726  모집연장   공학교육혁신센터  동계 실리콘밸리 온라인 창업연수생 모집 안내  12 16 금  까지  https   www jbnu ac kr kor  menuID 139 mode view no 51725  언어교육부  12월 외국어 강좌 특강 안내 https   www jbnu ac kr kor  menuID 139 mode view no 51724 2022학년도 2학기 국가근로장학생 교외근로  추가 선발 모집 안내 동전주우체국  https   www jbnu ac kr kor  menuID 139 mode view no 51723 2023년도 동계WORKSHOP 파이썬을 이용한 통계자료분석 특강 https   www jbnu ac kr kor  menuID 139 mode view no 51722 2023년도 동계WORKSHOP  R을 이용한 통계자료분석 특강 https   www jbnu ac kr kor  menuID 139 mode view no 51721 2023년도 동계WORKSHOP SPSS를 이용한 통계자료분석 특강 https   www jbnu ac kr kor  menuID 139 mode view no 51720 ,,교내 공지,인식하지못함,인식하지못함,인식하지못함,인식하지못함
23:56:37,도북아 공대 본관,http   kko to gQZ6Xbpv1G,,위치,전북대학교 공과대학,인식하지못함,인식하지못함,인식하지못함
23:56:43,도북아 공대 위치,http   kko to gQZ6Xbpv1G,,위치,전북대학교 공과대학,인식하지못함,인식하지못함,인식하지못함
23:56:47,   ,이해하기가 힘들어요        혹시 학식을 찾고계신가요  어떤 식당인지도 알려주실래요            ,,교내학식,인식하지못함,저녁,화요일,인식하지못함
23:56:49,    ,화요일 후생관 메뉴 찌개 운영없음 돌솥 불닭마요돌솥 특 식 바싹불고기김치덮밥 고정메뉴 분식 생협김밥  참치마요김밥  유부우동  꼬지우동  김치우동  김밥우동세트 라면 신라면  치즈라면  순두부열라면  짜계치  라면정식  라면김밥세트   요일별 샐러드 양식 월  금    소시지오므라이스화     새우튀김오므라이스 수    통등심돈까스  치즈돈까스목    스페셜오므라이스 ,,교내학식,후생관,전체,화요일,인식하지못함
23:56:49,도북 상1,http   kko to uBHJANoJTm,,위치,전북대학교 상과대학,인식하지못함,인식하지못함,1호관
23:56:57,메뉴,너무 짧아요     자세히 좀            ,,교내학식,인식하지못함,저녁,화요일,인식하지못함
23:57:5,메뉴 알려줘,한국어 너무 어려워요         혹시 학식을 찾고계신가요  어떤 식당인지도 알려주실래요            ,,교내학식,인식하지못함,저녁,화요일,인식하지못함
23:57:12,새빛 메뉴,직영관 화요일 저녁 콩나물국 새우볶음밥 사천탕수육 열대과일그린샐러드 포기김치 요구르트,,교내학식,직영관,저녁,화요일,인식하지못함
23:57:44,메뉴,아직 공부를 별로 안했어요          혹시 학식을 찾고계신가요  어떤 식당인지도 알려주실래요            ,,교내학식,인식하지못함,저녁,화요일,인식하지못함
23:57:44,메뮤, 공학교육혁신센터  특허 실무 특강 개최 안내 12 21 수 까지 모집  https   www jbnu ac kr kor  menuID 139 mode view no 51728 융합학부 예술융합창작프로젝트 작품 전시 안내 https   www jbnu ac kr kor  menuID 139 mode view no 51727  제주대학교  대학원생이 알아야 하는 연구저해 사례 및 발생 시 대응법 특강 https   www jbnu ac kr kor  menuID 139 mode view no 51726  모집연장   공학교육혁신센터  동계 실리콘밸리 온라인 창업연수생 모집 안내  12 16 금  까지  https   www jbnu ac kr kor  menuID 139 mode view no 51725  언어교육부  12월 외국어 강좌 특강 안내 https   www jbnu ac kr kor  menuID 139 mode view no 51724 2022학년도 2학기 국가근로장학생 교외근로  추가 선발 모집 안내 동전주우체국  https   www jbnu ac kr kor  menuID 139 mode view no 51723 2023년도 동계WORKSHOP 파이썬을 이용한 통계자료분석 특강 https   www jbnu ac kr kor  menuID 139 mode view no 51722 2023년도 동계WORKSHOP  R을 이용한 통계자료분석 특강 https   www jbnu ac kr kor  menuID 139 mode view no 51721 2023년도 동계WORKSHOP SPSS를 이용한 통계자료분석 특강 https   www jbnu ac kr kor  menuID 139 mode view no 51720 ,,교내 공지,인식하지못함,인식하지못함,인식하지못함,인식하지못함
23:57:50,후생 메뉴,아직 공부를 별로 안했어요          혹시 학식을 찾고계신가요  어떤 식당인지도 알려주실래요            ,,교내학식,인식하지못함,저녁,화요일,인식하지못함
23:58:4,진수당 메뉴,진수원 화요일 저녁 잔치국수돈육김치볶음 찐두부만두탕수육오복채무침,,교내학식,진수원,저녁,화요일,인식하지못함
23:58:7,후생 매뉴,한국어 너무 어려워요         혹시 학식을 찾고계신가요  어떤 식당인지도 알려주실래요            ,,교내학식,인식하지못함,저녁,화요일,인식하지못함
23:58:11,전북대 인스타 ,https   www instagram com jbnu1947 ,,sns안내,전북대학교,인식하지못함,인식하지못함,인식하지못함
23:58:12,후생 메뉴,아직 공부를 별로 안했어요          혹시 학식을 찾고계신가요  어떤 식당인지도 알려주실래요            ,,교내학식,인식하지못함,저녁,화요일,인식하지못함
23:58:14,후생관 메뉴,화요일 후생관 메뉴 찌개 운영없음 돌솥 불닭마요돌솥 특 식 바싹불고기김치덮밥 고정메뉴 분식 생협김밥  참치마요김밥  유부우동  꼬지우동  김치우동  김밥우동세트 라면 신라면  치즈라면  순두부열라면  짜계치  라면정식  라면김밥세트   요일별 샐러드 양식 월  금    소시지오므라이스화     새우튀김오므라이스 수    통등심돈까스  치즈돈까스목    스페셜오므라이스 ,,교내학식,후생관,전체,화요일,인식하지못함
23:58:17,전율 인스타 ,https   www instagram com jbnu ambassador ,,sns안내,홍보대사,인식하지못함,인식하지못함,인식하지못함
23:58:20,전율 ,너무 어려워요                 어떤 위치를 찾고있나요  조금 더 자세히 입력해주세요          ,,위치,인식하지못함,인식하지못함,인식하지못함,인식하지못함
23:58:23,전율 ,너무 어려워요                 어떤 위치를 찾고있나요  조금 더 자세히 입력해주세요          ,,위치,인식하지못함,인식하지못함,인식하지못함,인식하지못함
23:58:29,   ,         무슨 말인지 잘 모르겠어요  혹시 학식을 찾고계신가요  어떤 식당인지도 알려주실래요            ,,교내학식,인식하지못함,저녁,화요일,인식하지못함
23:58:46,도북아 고마워, 공학교육혁신센터  특허 실무 특강 개최 안내 12 21 수 까지 모집  https   www jbnu ac kr kor  menuID 139 mode view no 51728 융합학부 예술융합창작프로젝트 작품 전시 안내 https   www jbnu ac kr kor  menuID 139 mode view no 51727  제주대학교  대학원생이 알아야 하는 연구저해 사례 및 발생 시 대응법 특강 https   www jbnu ac kr kor  menuID 139 mode view no 51726  모집연장   공학교육혁신센터  동계 실리콘밸리 온라인 창업연수생 모집 안내  12 16 금  까지  https   www jbnu ac kr kor  menuID 139 mode view no 51725  언어교육부  12월 외국어 강좌 특강 안내 https   www jbnu ac kr kor  menuID 139 mode view no 51724 2022학년도 2학기 국가근로장학생 교외근로  추가 선발 모집 안내 동전주우체국  https   www jbnu ac kr kor  menuID 139 mode view no 51723 2023년도 동계WORKSHOP 파이썬을 이용한 통계자료분석 특강 https   www jbnu ac kr kor  menuID 139 mode view no 51722 2023년도 동계WORKSHOP  R을 이용한 통계자료분석 특강 https   www jbnu ac kr kor  menuID 139 mode view no 51721 2023년도 동계WORKSHOP SPSS를 이용한 통계자료분석 특강 https   www jbnu ac kr kor  menuID 139 mode view no 51720 ,,교내 공지,인식하지못함,인식하지못함,인식하지못함,인식하지못함
23:58:57,홍보 인스타 ,총학생회instagram https   www instagram com jbnu ch   총동아리연합회instagram https   www instagram com jbnu dong   홍보대사instagram https   www instagram com jbnu ambassador   전북대학교instagram https   www instagram com jbnu1947   ,,sns안내,전체,인식하지못함,인식하지못함,인식하지못함
23:59:3,인스타 ,총학생회instagram https   www instagram com jbnu ch   총동아리연합회instagram https   www instagram com jbnu dong   홍보대사instagram https   www instagram com jbnu ambassador   전북대학교instagram https   www instagram com jbnu1947   ,,sns안내,전체,인식하지못함,인식하지못함,인식하지못함
23:59:7,총학 인스타 ,https   www instagram com jbnu ch ,,sns안내,총학생회,인식하지못함,인식하지못함,인식하지못함
23:59:57,후생 메뉴,너무 어려워요                 혹시 학식을 찾고계신가요  어떤 식당인지도 알려주실래요            ,,교내학식,인식하지못함,저녁,화요일,인식하지못함
